{"<start>": 1, "<end>": 2, "I": 3, "you": 4, "to": 5, "the": 6, "are": 7, "is": 8, "a": 9, "for": 10, "and": 11, "at": 12, "I'm": 13, "your": 14, "my": 15, "You": 16, "go": 17, "have": 18, "me": 19, "in": 20, "of": 21, "can": 22, "be": 23, "want": 24, "on": 25, "not": 26, "will": 27, "don't": 28, "with": 29, "or": 30, "So": 31, "it": 32, "am": 33, "going": 34, "do": 35, "Haha.": 36, "that": 37, "so": 38, "got": 39, "just": 40, "then": 41, "think": 42, "Then": 43, "know": 44, "Hey,": 45, "you.": 46, "we": 47, "What": 48, "But": 49, "if": 50, "time": 51, "meet": 52, "what": 53, "very": 54, "already.": 55, "How": 56, "this": 57, "I'll": 58, "see": 59, "you?": 60, "still": 61, "all": 62, "come": 63, "Are": 64, "about": 65, "like": 66, "get": 67, "from": 68, "now.": 69, "up": 70, "out": 71, "need": 72, "but": 73, "Can": 74, "me.": 75, "Haha,": 76, "was": 77, "when": 78, "how": 79, "Ok.": 80, "Yes.": 81, "My": 82, "back": 83, "one": 84, "call": 85, "Do": 86, "It's": 87, "right?": 88, "We": 89, "Don't": 90, "because": 91, "home": 92, "she": 93, "If": 94, "no": 95, "around": 96, "good": 97, "never": 98, "there": 99, "it's": 100, "they": 101, "also": 102, "too": 103, "Hey": 104, "Hi,": 105, "where": 106, "ask": 107, "take": 108, "Hi": 109, "more": 110, "free": 111, "as": 112, "did": 113, "The": 114, "after": 115, "Just": 116, "an": 117, "tomorrow": 118, "next": 119, "buy": 120, "message": 121, "Because": 122, "Yes,": 123, "should": 124, "her": 125, "See": 126, "only": 127, "now?": 128, "Ok,": 129, "time.": 130, "Is": 131, "And": 132, "must": 133, "it.": 134, "coming": 135, "Where": 136, "it?": 137, "It": 138, "by": 139, "some": 140, "doing": 141, "didn't": 142, "really": 143, "bring": 144, "now": 145, "Not": 146, "having": 147, "make": 148, "day": 149, "not?": 150, "too.": 151, "No": 152, "find": 153, "haven't": 154, "Good": 155, "also.": 156, "quite": 157, "Oh,": 158, "tomorrow.": 159, "Hehe.": 160, "Why": 161, "No.": 162, "Have": 163, "he": 164, "Tomorrow": 165, "long": 166, "been": 167, "late": 168, "then.": 169, "know.": 170, "late.": 171, "tomorrow?": 172, "Hope": 173, "Okay.": 174, "can't": 175, "Hey.": 176, "thought": 177, "ok?": 178, "tell": 179, "our": 180, "working": 181, "care": 182, "Oh": 183, "already?": 184, "lecture": 185, "any": 186, "He": 187, "new": 188, "wait": 189, "Call": 190, "friend": 191, "look": 192, "2": 193, "help": 194, "why": 195, "before": 196, "had": 197, "OK.": 198, "Maybe": 199, "home.": 200, "won't": 201, "first.": 202, "than": 203, "see.": 204, "today.": 205, "later": 206, "east": 207, "Did": 208, "here.": 209, "I've": 210, "one.": 211, "At": 212, "Or": 213, "way": 214, "say": 215, "driving": 216, "you,": 217, "house": 218, "were": 219, "school": 220, "us": 221, "send": 222, "eat": 223, "something": 224, "number": 225, "dinner": 226, "Take": 227, "feel": 228, "people": 229, "today": 230, "nice": 231, "yet.": 232, "enjoy": 233, "work": 234, "first": 235, "night.": 236, "When": 237, "watch": 238, "has": 239, "me?": 240, "Thanks.": 241, "went": 242, "lunch": 243, "not.": 244, "way,": 245, "early": 246, "maybe": 247, "who": 248, "time?": 249, "today?": 250, "okay?": 251, "much": 252, "Oh.": 253, "introduce": 254, "always": 255, "chat?": 256, "last": 257, "cannot": 258, "outside": 259, "yet?": 260, "phone": 261, "bus": 262, "later.": 263, "place": 264, "dinner.": 265, "Okay,": 266, "stay": 267, "Got": 268, "sister": 269, "book": 270, "soon.": 271, "They": 272, "give": 273, "friends": 274, "love": 275, "nothing": 276, "wants": 277, "ok.": 278, "She": 279, "chat": 280, "bought": 281, "Go": 282, "cut": 283, "i": 284, "That's": 285, "few": 286, "already": 287, "mind.": 288, "out.": 289, "Please": 290, "hope": 291, "Your": 292, "bit": 293, "Anyway,": 294, "Sorry.": 295, "Sigh.": 296, "night": 297, "there?": 298, "drive": 299, "again": 300, "might": 301, "12": 302, "down": 303, "meeting": 304, "show": 305, "sure": 306, "saw": 307, "better": 308, "reach": 309, "lots": 310, "birthday": 311, "me,": 312, "No,": 313, "number.": 314, "3": 315, "end": 316, "By": 317, "Want": 318, "going?": 319, "you!": 320, "enough": 321, "lot": 322, "Friday": 323, "off": 324, "job": 325, "another": 326, "that?": 327, "Never": 328, "Happy": 329, "anything": 330, "other": 331, "please.": 332, "again.": 333, "Thursday": 334, "change": 335, "handphone": 336, "reply": 337, "course": 338, "good.": 339, "only.": 340, "That": 341, "many": 342, "going.": 343, "doing?": 344, "can.": 345, "day.": 346, "what?": 347, "Hi!": 348, "great": 349, "which": 350, "Orchard": 351, "Hee.": 352, "life": 353, "let": 354, "talking": 355, "says": 356, "that.": 357, "mind": 358, "put": 359, "said": 360, "go.": 361, "sweet": 362, "month": 363, "pass": 364, "hard": 365, "mean": 366, "number?": 367, "studying": 368, "up.": 369, "1": 370, "You?": 371, "sleep": 372, "Help": 373, "play": 374, "told": 375, "later?": 376, "6": 377, "use": 378, "OK?": 379, "What's": 380, "now,": 381, "soon": 382, "OK,": 383, "watching": 384, "join": 385, "monkey": 386, "would": 387, "someone": 388, "girl": 389, "Hello,": 390, "May": 391, "her.": 392, "called": 393, "asked": 394, "Monday": 395, "there.": 396, "until": 397, "email": 398, "tonight.": 399, "study": 400, "days": 401, "big": 402, "Still": 403, "there's": 404, "week": 405, "Meet": 406, "Why?": 407, "Going": 408, "school.": 409, "remember": 410, "hair": 411, "Of": 412, "him": 413, "please": 414, "Hello": 415, "buy.": 416, "free.": 417, "try": 418, "shall": 419, "same": 420, "tonight?": 421, "do.": 422, "school?": 423, "Thank": 424, "Ah,": 425, "busy": 426, "back.": 427, "sorry": 428, "lesson.": 429, "How's": 430, "money": 431, "In": 432, "talk": 433, "reply.": 434, "Chinese": 435, "how's": 436, "into": 437, "know,": 438, "Later": 439, "Yeah.": 440, "driving.": 441, "almost": 442, "bad": 443, "confirm": 444, "rest": 445, "NUS": 446, "came": 447, "week?": 448, "them": 449, "you're": 450, "Hello.": 451, "finished": 452, "Joey:": 453, "Wow,": 454, "near": 455, "off.": 456, "forget": 457, "Anyway": 458, "Hmm.": 459, "okay.": 460, "yourself.": 461, "Today": 462, "hand": 463, "class": 464, "thanks.": 465, "getting": 466, "SMS": 467, "Ask": 468, "those": 469, "till": 470, "ok": 471, "wake": 472, "Wow.": 473, "people.": 474, "way.": 475, "doors": 476, "locked": 477, "strike": 478, "Thanks": 479, "guys": 480, "come.": 481, "eat.": 482, "seen": 483, "All": 484, "Saturday.": 485, "two": 486, "thinking": 487, "much.": 488, "sounds": 489, "work.": 490, "finish": 491, "here": 492, "early.": 493, "Now": 494, "worry.": 495, "Enjoy": 496, "that's": 497, "what's": 498, "short": 499, "anything.": 500, "toss": 501, "ball": 502, "please?": 503, "anyway.": 504, "yard": 505, "over": 506, "care.": 507, "well": 508, "hall": 509, "stuff": 510, "how?": 511, "computer": 512, "sympathy": 513, "Yup.": 514, "Well,": 515, "Monday.": 516, "pick": 517, "late,": 518, "done": 519, "A": 520, ".": 521, "nation": 522, "interested": 523, "already,": 524, "west": 525, "dog": 526, "walk": 527, "Shuhui": 528, "lovely": 529, "wanted": 530, "forgot": 531, "through": 532, "Really?": 533, "lesson": 534, "MRT": 535, "Hi.": 536, "Sorry,": 537, "guess": 538, "Yun,": 539, "from?": 540, "leave": 541, "Will": 542, "his": 543, "win": 544, "left": 545, "5": 546, "Sunday": 547, "able": 548, "male": 549, "Hmm,": 550, "probably": 551, "leaving": 552, "Me": 553, "Which": 554, "part": 555, "can?": 556, "does": 557, "After": 558, "Actually": 559, "things": 560, "looking": 561, "Tell": 562, "camp": 563, "Only": 564, "possible.": 565, "wrong": 566, "course.": 567, "shop": 568, "fun": 569, "movie": 570, "asking": 571, "else": 572, "phone.": 573, "feeling": 574, "Mine": 575, "Care": 576, "wish": 577, "happy": 578, "there,": 579, "place.": 580, "Bugis": 581, "introduce?": 582, "day?": 583, "taking": 584, "parents": 585, "Bishan": 586, "Leona": 587, "project": 588, "house.": 589, "back?": 590, "Hey!": 591, "sad.": 592, "Anyone": 593, "means": 594, "name": 595, "save": 596, "exams": 597, "trying": 598, "thanks": 599, "photo": 600, "Who": 601, "keep": 602, "months": 603, "shopping": 604, "around.": 605, "Saturday": 606, "made": 607, "Ben": 608, "point": 609, "7": 610, "blue": 611, "Haven't": 612, "whether": 613, "year": 614, "exam": 615, "know?": 616, "8": 617, "dear": 618, "fetch": 619, "say.": 620, "New": 621, "yes,": 622, "girl.": 623, "ever": 624, "found": 625, "Xin.": 626, "may": 627, "miss": 628, "test": 629, "do?": 630, "online.": 631, "done.": 632, "reading": 633, "both": 634, "actually": 635, "Huh?": 636, "asks": 637, "sit": 638, "doesn't": 639, "Sigh,": 640, "Get": 641, "go?": 642, "service": 643, "gets": 644, "want?": 645, "Must": 646, "disturb": 647, "He's": 648, "me!": 649, "ask.": 650, "month.": 651, "sleep.": 652, "reached": 653, "old": 654, "real": 655, "Very": 656, "morning.": 657, "beautiful": 658, "Should": 659, "we'll": 660, "going,": 661, "changed": 662, "up?": 663, "so.": 664, "year.": 665, "all.": 666, "something.": 667, "friend.": 668, "OK": 669, "notes": 670, "week.": 671, "have.": 672, "without": 673, "kiss": 674, "Wednesday.": 675, "man": 676, "mind,": 677, "rain": 678, "evening": 679, "Study": 680, "pay": 681, "woke": 682, "no.": 683, "dad": 684, "Let": 685, "Li": 686, "long.": 687, "night,": 688, "paid": 689, "Like": 690, "yesterday.": 691, "account": 692, "past": 693, "university": 694, "Love": 695, "tutorial": 696, "girls,": 697, "news.": 698, "Sorry": 699, "kids": 700, "space": 701, "dream": 702, "shit": 703, "started": 704, "Huh.": 705, "sure.": 706, "every": 707, "thing": 708, "non": 709, "far": 710, "Sure": 711, "cheese": 712, "up,": 713, "dog.": 714, "Look": 715, "sound": 716, "case": 717, "then,": 718, "tonight": 719, "hair.": 720, "alone.": 721, "sorry.": 722, "meet.": 723, "This": 724, "times": 725, "comment": 726, "choose": 727, "Science": 728, "module": 729, "here,": 730, "using": 731, "25,": 732, "Huh,": 733, "owl": 734, "Any": 735, "matter": 736, "drinks": 737, "alone?": 738, "Elaine.": 739, "slow": 740, "system": 741, "bird": 742, "red": 743, "fun.": 744, "boyfriend": 745, "taxi": 746, "been?": 747, "tomorrow,": 748, "Can't": 749, "dear.": 750, "r": 751, "ok,": 752, "wind": 753, "eating": 754, "Ok": 755, "less": 756, "well.": 757, "girl,": 758, "rich": 759, "used": 760, "nearer": 761, "coffee": 762, "sign": 763, "rent": 764, "fire": 765, "who's": 766, "while": 767, "Too": 768, "in?": 769, "slightly": 770, "Hm.": 771, "Girl,": 772, "Think": 773, "dinner?": 774, "good,": 775, "Introduce": 776, "Haha": 777, "Same": 778, "most": 779, "staying": 780, "cute": 781, "room.": 782, "understand": 783, "u": 784, "seat": 785, "together": 786, "quiet?": 787, "can,": 788, "whole": 789, "Both": 790, "want,": 791, "hour": 792, "right.": 793, "reach.": 794, "need.": 795, "kind": 796, "tried": 797, "stuff.": 798, "heard": 799, "celebrate": 800, "day!": 801, "sunny": 802, "interested?": 803, "fine.": 804, "first,": 805, "little": 806, "Okay": 807, "cake": 808, "stupid": 809, "wear": 810, "right": 811, "tired": 812, "town": 813, "4": 814, "Damn": 815, "replied": 816, "friends.": 817, "Jos": 818, "afternoon": 819, "yours": 820, "On": 821, "out?": 822, "trip": 823, "There": 824, "camp.": 825, "girls": 826, "cut.": 827, "no,": 828, "enough.": 829, "check": 830, "first?": 831, "4977236992": 832, "2886": 833, "teasley": 834, "6499": 835, "nfd": 836, "5053": 837, "supervisor": 838, "applied": 839, "Shall": 840, "9464": 841, "woods": 842, "edge": 843, "contact": 844, "allergic": 845, "bees": 846, "peanuts": 847, "body": 848, "persistent": 849, "amir": 850, "le": 851, "traditional": 852, "dress": 853, "Year": 854, "except": 855, "decide": 856, "excited": 857, "female": 858, "7384391127": 859, "56": 860, "paper": 861, "birch": 862, "biggest": 863, "hamburger": 864, "ago.": 865, "sent": 866, "hands": 867, "experience": 868, "to?": 869, "beloshveyka.ru105": 870, "4632526021": 871, "automantenimientosa": 872, "martin+blando": 873, "it,": 874, "injustice": 875, "committed": 876, "over.": 877, "Really": 878, "waiting": 879, "profit": 880, "organization": 881, "die.": 882, "text": 883, "Saturday?": 884, "Come": 885, "Toa": 886, "Payoh": 887, "televisoresponse": 888, "What?": 889, "add": 890, "sms": 891, "cake.": 892, "paper.": 893, "patio": 894, "books.": 895, "working?": 896, "certuspro.combloqueosjalapa": 897, "killer": 898, "bites": 899, "tired.": 900, "Some": 901, "+8286698863353": 902, "Nothing": 903, "TV": 904, "Probably": 905, "table.": 906, "change.": 907, "bathroom": 908, "dye": 909, "35816": 910, "webwood": 911, "union": 912, "darling": 913, "Really.": 914, "us.": 915, "line.": 916, "home?": 917, "prefer": 918, "now!": 919, "Oops.": 920, "kkaicd1.pixnet.net": 921, "medieval": 922, "offensive": 923, "Sharis,": 924, "night!": 925, "Chinese.": 926, "963": 927, "crested": 928, "ends": 929, "bunkerbranch.tumblr.com": 930, "4127407457": 931, "selling": 932, "important": 933, "music": 934, "meeting.": 935, "accept": 936, "personal": 937, "checks": 938, "dance.": 939, "2901092582": 940, "buying": 941, "9186054830": 942, "Chinese,": 943, "postal": 944, "taxation": 945, "www.sudinfo.be": 946, "worm": 947, "discuss": 948, "weeks.": 949, "photos.": 950, "keeps": 951, "www.tudecora.com": 952, "meter": 953, "10": 954, "along?": 955, "bored": 956, "friend's": 957, "Try": 958, "library": 959, "closed": 960, "+3515218895": 961, "making": 962, "Thanks!": 963, "gandchudaihardcor.html": 964, "102": 965, "flagstad": 966, "Thought": 967, "receive": 968, "message?": 969, "8260": 970, "john": 971, "bowdoin": 972, "myanmarsocialonlinemedia.com": 973, "prevailing": 974, "later,": 975, "break": 976, "sending": 977, "Laugh,": 978, "half": 979, "drugs": 980, "avoided": 981, "jobs": 982, "pay.": 983, "7870": 984, "preston": 985, "stand": 986, "since": 987, "www.boehringeringelheim.com": 988, "darling,": 989, "Had": 990, "break.": 991, "5016": 992, "paquin": 993, "street": 994, "reallyloud.co.uksimaii": 995, "paintings": 996, "gallery": 997, "www.twitchquotes.com": 998, "free,": 999, "goes": 1000, "theatre": 1001, "depends": 1002, "playing": 1003, "arabradio.usvana": 1004, "raged": 1005, "entire": 1006, "during": 1007, "stop": 1008, "people,": 1009, "hi": 1010, "https:www.keainfo.gr": 1011, "moon": 1012, "220": 1013, "north": 1014, "47th": 1015, "avenue": 1016, "mine": 1017, "years": 1018, "science": 1019, "better.": 1020, "learn": 1021, "MRT.": 1022, "king": 1023, "sends": 1024, "tower": 1025, "suburbs": 1026, "sprawling": 1027, "everywhere": 1028, "Find": 1029, "per": 1030, "pm": 1031, "aspirations": 1032, "Nice": 1033, "neither": 1034, "borrower": 1035, "nor": 1036, "lender": 1037, "earlier.": 1038, "old.": 1039, "qd.razavi.ac.irbunya": 1040, "sam": 1041, "student": 1042, "close": 1043, "dance": 1044, "bash": 1045, "Pick": 1046, "car": 1047, "yet": 1048, "www.voices.combitesize": 1049, "Quite": 1050, "2796": 1051, "golden": 1052, "willow": 1053, "bid.auctionbymayo.com71063": 1054, "witnesses": 1055, "meet?": 1056, "exercise.": 1057, "Friday,": 1058, "present": 1059, "trains": 1060, "Sure.": 1061, "mserokiguide": 1062, "female?": 1063, "quickly": 1064, "laptop": 1065, "thin": 1066, "9734719887": 1067, "verkstader20180101": 1068, "out,": 1069, "its": 1070, "open": 1071, "afternoon,": 1072, "Suntec": 1073, "took": 1074, "bed": 1075, "sorry,": 1076, "drink.": 1077, "rachael": 1078, "salas": 1079, "sunshine": 1080, "mayer": 1081, "+2666480514": 1082, "daring": 1083, "young": 1084, "As": 1085, "destruction": 1086, "forest": 1087, "seats": 1088, "even": 1089, "Reach": 1090, "treasury": 1091, "department": 1092, "broke": 1093, "mix": 1094, "religion": 1095, "politics": 1096, "ends.": 1097, "2708": 1098, "77th": 1099, "sports": 1100, "be.": 1101, "too?": 1102, "jacket": 1103, "swim": 1104, "everything": 1105, "www.tornadoshop.czcornelius": 1106, "too,": 1107, "stability": 1108, "4082494707": 1109, "could": 1110, "fibrain.plchapter145thanghr": 1111, "p21sistemassharps_carbines": 1112, "days.": 1113, "lie": 1114, "nose": 1115, "grow": 1116, "communicate": 1117, "chose": 1118, "69": 1119, "grant": 1120, "can't.": 1121, "viapierogobettibrandilove": 1122, "Next": 1123, "sees": 1124, "birthday.": 1125, "bus.": 1126, "theory": 1127, "stop.": 1128, "university.": 1129, "Yesterday": 1130, "total": 1131, "Lea,": 1132, "lecture.": 1133, "pretty": 1134, "Eating": 1135, "together.": 1136, "information": 1137, "yap": 1138, "En": 1139, "along": 1140, "2257645994": 1141, "raining": 1142, "josie": 1143, "savage": 1144, "5061": 1145, "williamsburg": 1146, "brandee": 1147, "tran": 1148, "Hehe,": 1149, "9525366907": 1150, "crown": 1151, "jewels": 1152, "reaching?": 1153, "are.": 1154, "Hmm": 1155, "instead": 1156, "pub": 1157, "From": 1158, "6870": 1159, "scabisuit": 1160, "lane": 1161, "lunch?": 1162, "Around": 1163, "well,": 1164, "20": 1165, "Science.": 1166, "288": 1167, "fuller": 1168, "lake": 1169, "fine": 1170, "Eh,": 1171, "Send": 1172, "dreams": 1173, "beginning": 1174, "stuff,": 1175, "reaching": 1176, "liana": 1177, "deleon": 1178, "round": 1179, "weight": 1180, "not,": 1181, "minutes.": 1182, "he's": 1183, "seems": 1184, "late?": 1185, "tickets": 1186, "saying": 1187, "answers": 1188, "papers": 1189, "call.": 1190, "house?": 1191, "airport": 1192, "sleeping": 1193, "show.": 1194, "bringing": 1195, "airport?": 1196, "online,": 1197, "heart": 1198, "weekend?": 1199, "car.": 1200, "hey,": 1201, "high": 1202, "priority": 1203, "Millian": 1204, "girls.": 1205, "school,": 1206, "cause": 1207, "well!": 1208, "Well.": 1209, "Angel,": 1210, "fall": 1211, "asleep": 1212, "TV.": 1213, "inauguration": 1214, "Toni": 1215, "Whoops.": 1216, "bored!": 1217, "fun!": 1218, "Lots": 1219, "slacking": 1220, "Same.": 1221, "afternoon.": 1222, "eyes": 1223, "nose.": 1224, "lavatory": 1225, "hear": 1226, "home,": 1227, "embarrassing.": 1228, "Eh.": 1229, "meeting?": 1230, "Let's": 1231, "Yeap.": 1232, "lessons": 1233, "bored,": 1234, "least": 1235, "bring.": 1236, "Saturday,": 1237, "Can?": 1238, "come?": 1239, "one?": 1240, "settle": 1241, "one,": 1242, "far.": 1243, "movie?": 1244, "being": 1245, "Yes": 1246, "Yun": 1247, "male?": 1248, "lesson?": 1249, "Gen": 1250, "message.": 1251, "Roy,": 1252, "7:30": 1253, "either": 1254, "food": 1255, "anymore.": 1256, "1:30.": 1257, "borrow": 1258, "office.": 1259, "Xinyi": 1260, "town.": 1261, "Kate.": 1262, "spending": 1263, "Other": 1264, "things.": 1265, "boy": 1266, "July.": 1267, "taste": 1268, "22.": 1269, "Unless": 1270, "early?": 1271, "missed": 1272, "house,": 1273, "lady": 1274, "sick.": 1275, "night?": 1276, "plus.": 1277, "+246987508002294": 1278, "local": 1279, "left.": 1280, "&": 1281, "12?": 1282, "best": 1283, "nice.": 1284, "want.": 1285, "evening.": 1286, "Xin": 1287, "managed": 1288, "weekend": 1289, "problem.": 1290, "Stop": 1291, "temple": 1292, "watching?": 1293, "something?": 1294, "Birthday": 1295, "Big": 1296, "go,": 1297, "handphone.": 1298, "faster.": 1299, "sleeping?": 1300, "crazy.": 1301, "Really,": 1302, "Sunday?": 1303, "email?": 1304, "Laugh.": 1305, "her,": 1306, "yourself?": 1307, "person": 1308, "place,": 1309, "club": 1310, "bored.": 1311, "25.": 1312, "mother": 1313, "Vivian,": 1314, "Friday.": 1315, "Didn't": 1316, "whatever": 1317, "on.": 1318, "Ger": 1319, "female.": 1320, "booked": 1321, "couldn't": 1322, "earlier": 1323, "So,": 1324, "bad.": 1325, "okay,": 1326, "apply": 1327, "lousy.": 1328, "sell": 1329, "money.": 1330, "anyone": 1331, "First": 1332, "early,": 1333, "field": 1334, "okay": 1335, "School": 1336, "supposed": 1337, "Remember": 1338, "think.": 1339, "interview": 1340, "card": 1341, "KL.": 1342, "18": 1343, "knows": 1344, "nice,": 1345, "bathing": 1346, "With": 1347, "colour": 1348, "where?": 1349, "confirmed.": 1350, "believe": 1351, "everyone.": 1352, "+279053128": 1353, "else.": 1354, "book.": 1355, "treat": 1356, "telephone": 1357, "anytime": 1358, "between": 1359, "Anything.": 1360, "spend": 1361, "everyone": 1362, "Rain,": 1363, "reserve": 1364, "wait.": 1365, "checked": 1366, "Give": 1367, "weather": 1368, "stars": 1369, "confirmed": 1370, "ordered": 1371, "bucks": 1372, "Be": 1373, "shopping.": 1374, "work,": 1375, "Nope,": 1376, "Er,": 1377, "looks": 1378, "canteen": 1379, "Singapore": 1380, "shop,": 1381, "dreams.": 1382, "Miss": 1383, "care!": 1384, "Amore": 1385, "worth": 1386, "30": 1387, "see,": 1388, "trip.": 1389, "toilet.": 1390, "hard.": 1391, "Ryan": 1392, "baby,": 1393, "studying?": 1394, "barbeque": 1395, "Sunday.": 1396, "10am": 1397, "friends?": 1398, "understand.": 1399, "brought": 1400, "today,": 1401, "Most": 1402, "gotten": 1403, "age": 1404, "corner.": 1405, "different": 1406, "room": 1407, "normal": 1408, "Guys": 1409, "4th": 1410, "plan": 1411, "building": 1412, "inside": 1413, "start?": 1414, "nevermind.": 1415, "Does": 1416, "Message": 1417, "true.": 1418, "unlimited": 1419, "Chong": 1420, "Well": 1421, "walking": 1422, "Okie.": 1423, "damn": 1424, "move": 1425, "size": 1426, "start": 1427, "anyhow": 1428, "June.": 1429, "Lea": 1430, "him.": 1431, "She's": 1432, "Violyn,": 1433, "Need": 1434, "Was": 1435, "sad": 1436, "online": 1437, "Tuesday": 1438, "end.": 1439, "Gee.": 1440, "15": 1441, "any.": 1442, "express": 1443, "delivery": 1444, "fast": 1445, "name.": 1446, "straight": 1447, "coming.": 1448, "2nd": 1449, "myself.": 1450, "work?": 1451, "Text": 1452, "office": 1453, "town,": 1454, "reply?": 1455, "Australia": 1456, "recently.": 1457, "leave.": 1458, "Working": 1459, "East": 1460, "Wawa": 1461, "hasn't": 1462, "return": 1463, "hot.": 1464, "movie.": 1465, "then?": 1466, "sick": 1467, "Faint,": 1468, "morning": 1469, "Half": 1470, "price": 1471, "buy?": 1472, "Sentosa": 1473, "Sun": 1474, "Cause": 1475, "8.": 1476, "decided": 1477, "attached.": 1478, "photos": 1479, "shopping?": 1480, "35.": 1481, "Weiyi": 1482, "cheaper": 1483, "weekends.": 1484, "boring": 1485, "Hehe": 1486, "hours": 1487, "introduction.": 1488, "company": 1489, "Buy": 1490, "try.": 1491, "act": 1492, "then!": 1493, "station": 1494, "friends,": 1495, "2pm.": 1496, "2292979260": 1497, "English": 1498, "luck": 1499, "show?": 1500, "booth": 1501, "Watching": 1502, "central": 1503, "special": 1504, "watched": 1505, "robin": 1506, "scheduling": 1507, "4.": 1508, "us?": 1509, "behind": 1510, "taller": 1511, "upload": 1512, "him?": 1513, "about.": 1514, "alone": 1515, "lose": 1516, "slept": 1517, "recently?": 1518, "Orientation": 1519, "LT": 1520, "Feel": 1521, "continue": 1522, "visit": 1523, "watch?": 1524, "stupid.": 1525, "Okay?": 1526, "computer.": 1527, "back!": 1528, "Hmmm.": 1529, "Another": 1530, "seem": 1531, "Daddy": 1532, "password?": 1533, "Giggle.": 1534, "Guess": 1535, "Bangkok": 1536, "holiday.": 1537, "Channel": 1538, "Grandmother": 1539, "Block": 1540, "HDB": 1541, "letter": 1542, "onwards.": 1543, "accompany": 1544, "university?": 1545, "driver!": 1546, "Cheers": 1547, "honey.": 1548, "darling.": 1549, "missing": 1550, "Punggol": 1551, "295": 1552, "Sign.": 1553, "snacks": 1554, "Yeah,": 1555, "laugh": 1556, "considering.": 1557, "guide": 1558, "store": 1559, "nice?": 1560, "9": 1561, "am.": 1562, "cultural": 1563, "relatives": 1564, "family": 1565, "situation": 1566, "online?": 1567, "Keep": 1568, "love,": 1569, "boy,": 1570, "Nic.": 1571, "1?": 1572, "watch.": 1573, "plus": 1574, "Orchard?": 1575, "far?": 1576, "once,": 1577, "dog?": 1578, "Joan": 1579, "station.": 1580, "We'll": 1581, "12:45": 1582, "puzzle": 1583, "complete.": 1584, "Left": 1585, "Sentosa.": 1586, "obvious": 1587, "talk.": 1588, "booking": 1589, "moment.": 1590, "bidding": 1591, "like?": 1592, "Borburn": 1593, "You.": 1594, "rushing": 1595, "Tony": 1596, "bit.": 1597, "introduce,": 1598, "Anything": 1599, "kill": 1600, "Ubi": 1601, "bye": 1602, "2?": 1603, "Sounds": 1604, "men": 1605, "rain.": 1606, "Ah": 1607, "phone,": 1608, "Computer": 1609, "Life": 1610, "bid": 1611, "Somebody": 1612, "picture": 1613, "photo.": 1614, "Ron": 1615, "prefer?": 1616, "say?": 1617, "female,": 1618, "have?": 1619, "coming?": 1620, "likes": 1621, "Serangoon": 1622, "how.": 1623, "expensive?": 1624, "read": 1625, "somewhere": 1626, "clothes,": 1627, "studying.": 1628, "reach?": 1629, "look.": 1630, "pm.": 1631, "ignore": 1632, "calls.": 1633, "college": 1634, "Love,": 1635, "good?": 1636, "BOEZ,": 1637, "Jun": 1638, "Taka.": 1639, "6:30.": 1640, "Kaiez,": 1641, "2,": 1642, "mum": 1643, "Has": 1644, "wine": 1645, "food,": 1646, "before.": 1647, "stalking": 1648, "pubbing": 1649, "soccer": 1650, "intend": 1651, "submit": 1652, "outside.": 1653, "Ranger,": 1654, "mobile": 1655, "rather": 1656, "Guy": 1657, "interested.": 1658, "CPF": 1659, "submitted?": 1660, "forget.": 1661, "relax.": 1662, "bother": 1663, "library?": 1664, "about?": 1665, "quick.": 1666, "raining.": 1667, "blame": 1668, "chop": 1669, "seat,": 1670, "advance": 1671, "year!": 1672, "charge": 1673, "forward": 1674, "seeing": 1675, "solution.": 1676, "it!": 1677, "registered": 1678, "case.": 1679, "12:15.": 1680, "them,": 1681, "Ok?": 1682, "lazy,": 1683, "chance.": 1684, "young.": 1685, "hug,": 1686, "smile": 1687, "gee.": 1688, "father's": 1689, "introduce.": 1690, "sleeping.": 1691, "table": 1692, "roast": 1693, "too!": 1694, "Kaiez.": 1695, "bluff": 1696, "website": 1697, "YCK,": 1698, "AMK.": 1699, "luck.": 1700, "Even": 1701, "though": 1702, "you'll": 1703, "haha.": 1704, "sister's": 1705, "room!": 1706, "weeks": 1707, "calling": 1708, "type": 1709, "thing.": 1710, "intro": 1711, "Maldives?": 1712, "chat.": 1713, "worry": 1714, "truth": 1715, "unique": 1716, "tight": 1717, "Morning!": 1718, "breakfast?": 1719, "Coffee": 1720, "exchange": 1721, "open.": 1722, "outing": 1723, "West": 1724, "Coast": 1725, "seat?": 1726, "short?": 1727, "semester.": 1728, "major?": 1729, "Sailing": 1730, "0165460953.": 1731, "drink": 1732, "spore?": 1733, "numbers": 1734, "etc.": 1735, "6.": 1736, "science.": 1737, "Got,": 1738, "love.": 1739, "reaches": 1740, "needs": 1741, "tickets.": 1742, "Save": 1743, "Change": 1744, "5:45": 1745, "alright": 1746, "quit": 1747, "600": 1748, "bar": 1749, "Suntec.": 1750, "everyone!": 1751, "extra": 1752, "Millian's": 1753, "dining": 1754, "award.": 1755, "Girl": 1756, "Linear": 1757, "Algebra": 1758, "24": 1759, "Bangkok?": 1760, "feed": 1761, "food.": 1762, "boyfriend?": 1763, "gym": 1764, "cash": 1765, "cool.": 1766, "Speak": 1767, "double": 1768, "them.": 1769, "Fion": 1770, "Hmmm,": 1771, "calls": 1772, "To": 1773, "centre": 1774, "bottles": 1775, "turn": 1776, "plain": 1777, "Roy!": 1778, "$15": 1779, "shots": 1780, "$5": 1781, "each.": 1782, "scared": 1783, "their": 1784, "park": 1785, "Julia's": 1786, "Hurry": 1787, "town?": 1788, "driving?": 1789, "nicer.": 1790, "game,": 1791, "minute": 1792, "decision.": 1793, "You'd": 1794, "cute.": 1795, "bad?": 1796, "Blue": 1797, "pink?": 1798, "Boez,": 1799, "hello,": 1800, "Dear,": 1801, "Yay!": 1802, "ST": 1803, "term.": 1804, "GEM": 1805, "hair?": 1806, "Plaza": 1807, "resume": 1808, "lazy": 1809, "breakfast.": 1810, "tonight,": 1811, "drinking.": 1812, "helping": 1813, "enjoying": 1814, "honey!": 1815, "speak": 1816, "soon?": 1817, "rush": 1818, "10?": 1819, "fine,": 1820, "gym.": 1821, "driving,": 1822, "so,": 1823, "slack": 1824, "hang": 1825, "gave": 1826, "Taka": 1827, "Rebecca.": 1828, "man?": 1829, "suggested": 1830, "term": 1831, "promise": 1832, "post": 1833, "Paul.": 1834, "bed.": 1835, "Close": 1836, "ring": 1837, "also,": 1838, "Wait": 1839, "repair": 1840, "army": 1841, "slack.": 1842, "friend?": 1843, "lying": 1844, "Night.": 1845, "bath.": 1846, "daddy": 1847, "fundamental": 1848, "bad,": 1849, "Jos,": 1850, "family.": 1851, "Mango": 1852, "2.": 1853, "project?": 1854, "medical": 1855, "report": 1856, "form": 1857, "matriculation": 1858, "green?": 1859, "Taken": 1860, "anything,": 1861, "location,": 1862, "expensive": 1863, "Ang": 1864, "Mo": 1865, "Ben.": 1866, "usually": 1867, "isn't": 1868, "Sweet": 1869, "Die.": 1870, "session": 1871, "package": 1872, "t": 1873, "July": 1874, "0166305681.": 1875, "troublesome.": 1876, "people?": 1877, "points,": 1878, "April.": 1879, "this?": 1880, "parents.": 1881, "One": 1882, "Class": 1883, "follow": 1884, "heat": 1885, "canteen.": 1886, "sub": 1887, "Catch": 1888, "morning?": 1889, "Haha!": 1890, "Waitress": 1891, "accurate,": 1892, "once": 1893, "telemarketing": 1894, "vacancies.": 1895, "Yijue,": 1896, "coming,": 1897, "eng": 1898, "brother": 1899, "Mimi40,": 1900, "Yin's": 1901, "25": 1902, "bucks?": 1903, "chalet": 1904, "take.": 1905, "Yes!": 1906, "administrative": 1907, "right,": 1908, "thing?": 1909, "fetching": 1910, "11.": 1911, "stocks": 1912, "question,": 1913, "Where?": 1914, "take?": 1915, "anyone?": 1916, "23,": 1917, "J.": 1918, "dollars": 1919, "carry": 1920, "MRT,": 1921, "presentation": 1922, "collect": 1923, "Everything.": 1924, "180": 1925, "details": 1926, "Mambo": 1927, "exercise": 1928, "run": 1929, "park.": 1930, "small": 1931, "ones.": 1932, "public": 1933, "discount.": 1934, "brand": 1935, "accuse": 1936, "pink": 1937, "NTUC": 1938, "speed.": 1939, "us,": 1940, "workplace": 1941, "statistics": 1942, "copy": 1943, "Ah?": 1944, "Cineleisure": 1945, "wear.": 1946, "Make": 1947, "Sabah?": 1948, "Those": 1949, "nobody": 1950, "busy.": 1951, "lecture?": 1952, "okay!": 1953, "all!": 1954, "Malays": 1955, "again?": 1956, "test?": 1957, "How?": 1958, "Looking": 1959, "Xf": 1960, "chat,": 1961, "Bill": 1962, "got.": 1963, "kept": 1964, "Near": 1965, "lessons.": 1966, "Hwa": 1967, "care,": 1968, "boarded": 1969, "died": 1970, "Ter.": 1971, "stuck": 1972, "same.": 1973, "SARS.": 1974, "mum.": 1975, "Isn't": 1976, "tutor.": 1977, "Cannot": 1978, "saying.": 1979, "2pm": 1980, "MRT?": 1981, "1200": 1982, "Missed": 1983, "present.": 1984, "relationship": 1985, "though.": 1986, "3,": 1987, "price.": 1988, "answer.": 1989, "worry,": 1990, "lift.": 1991, "Far": 1992, "East.": 1993, "tough": 1994, "myself": 1995, "You're": 1996, "Malay": 1997, "Rin?": 1998, "Last": 1999, "later!": 2000, "terminal": 2001, "disturbing": 2002, "help.": 2003, "line": 2004, "Mich.": 2005, "guess.": 2006, "Yiyun?": 2007, "frame": 2008, "Wei": 2009, "duty": 2010, "do,": 2011, "cheaper.": 2012, "12:45,": 2013, "fell": 2014, "waste": 2015, "wine.": 2016, "guy.": 2017, "down,": 2018, "ones": 2019, "ate": 2020, "chicken": 2021, "Phone": 2022, "baby": 2023, "k.": 2024, "life?": 2025, "flying": 2026, "houses.": 2027, "see?": 2028, "Queensway?": 2029, "yeah": 2030, "cool,": 2031, "choice?": 2032, "planning": 2033, "2:30": 2034, "Great": 2035, "off!": 2036, "11": 2037, "?": 2038, "together?": 2039, "tests": 2040, "Ikea": 2041, "Bedok": 2042, "party.": 2043, "realised": 2044, "wondering": 2045, "4:40.": 2046, "small.": 2047, "Plus": 2048, "Yun!": 2049, "Oops,": 2050, "xy": 2051, "Park?": 2052, "Nope.": 2053, "Sad": 2054, "tent": 2055, "before?": 2056, "Singapore.": 2057, "question.": 2058, "ahead.": 2059, "consider.": 2060, "won": 2061, "National": 2062, "Day": 2063, "yourself": 2064, "resting": 2065, "Tuesday.": 2066, "freak.": 2067, "Yijue?": 2068, "battery.": 2069, "choice": 2070, "come,": 2071, "bitch?": 2072, "anyting.": 2073, "Reb": 2074, "Day.": 2075, "yes.": 2076, "check.": 2077, "En,": 2078, "pair": 2079, "Sad.": 2080, "introduction": 2081, "painting": 2082, "find.": 2083, "Here": 2084, "group.": 2085, "2pm?": 2086, "everyone,": 2087, "forgot.": 2088, "crap": 2089, "IC": 2090, "address?": 2091, "yourself!": 2092, "cookies": 2093, "reached.": 2094, "why.": 2095, "Er.": 2096, "died.": 2097, "change?": 2098, "months.": 2099, "be?": 2100, "evening?": 2101, "business": 2102, "accounting": 2103, "Bukit": 2104, "yesterday": 2105, "much,": 2106, "Australia.": 2107, "Coming": 2108, "skip": 2109, "Ouch,": 2110, "old,": 2111, "26": 2112, "Once": 2113, "these": 2114, "hitting": 2115, "naughty.": 2116, "three": 2117, "starts": 2118, "male.": 2119, "late!": 2120, "belated": 2121, "birthday!": 2122, "what.": 2123, "Ouch.": 2124, "crowded.": 2125, "face.": 2126, "Jeff": 2127, "weight.": 2128, "Orchard.": 2129, "outside,": 2130, "outing.": 2131, "point.": 2132, "super": 2133, "sugar": 2134, "away": 2135, "boy?": 2136, "answer": 2137, "worried": 2138, "enjoyable": 2139, "1st": 2140, "Anybody": 2141, "interesting": 2142, "skin": 2143, "lend": 2144, "Mei": 2145, "Joe,": 2146, "lost": 2147, "Laugh": 2148, "loud.": 2149, "Yea.": 2150, "sister?": 2151, "statistics?": 2152, "semester?": 2153, "Braddell": 2154, "that,": 2155, "Centre.": 2156, "time,": 2157, "insurance.": 2158, "hall.": 2159, "clip": 2160, "MSN?": 2161, "so?": 2162, "dare": 2163, "mom,": 2164, "bitches.": 2165, "God": 2166, "in.": 2167, "Thanks,": 2168, "further": 2169, "choice.": 2170, "afternoon?": 2171, "Jigsaw": 2172, "catch": 2173, "scare": 2174, "tomorrow!": 2175, "Nydc": 2176, "Elvin": 2177, "Emicakes.": 2178, "eating.": 2179, "Gelek,": 2180, "record": 2181, "Nemo": 2182, "Torquay": 2183, "mean.": 2184, "Two": 2185, "TV?": 2186, "anywhere": 2187, "faculty": 2188, "Lecture": 2189, "angry": 2190, "arrive": 2191, "boring.": 2192, "Tuas.": 2193, "shop?": 2194, "paper?": 2195, "gender": 2196, "bag": 2197, "Hm,": 2198, "all?": 2199, "light,": 2200, "dying.": 2201, "suppose": 2202, "mail": 2203, "her?": 2204, "hungry.": 2205, "stayed": 2206, "questions.": 2207, "dessert.": 2208, "she's": 2209, "Night": 2210, "blur.": 2211, "gone": 2212, "ICQ": 2213, "Watch": 2214, "Geylang": 2215, "working.": 2216, "linear": 2217, "algebra": 2218, "light": 2219, "Ah.": 2220, "evaluation": 2221, "tester": 2222, "Mich": 2223, "number,": 2224, "Would": 2225, "Yup,": 2226, "hawker": 2227, "drink?": 2228, "Poor": 2229, "afraid": 2230, "Down": 2231, "movies.": 2232, "shop.": 2233, "guy": 2234, "Darren": 2235, "luck,": 2236, "pool": 2237, "Everybody!": 2238, "guys.": 2239, "computing.": 2240, "Namly": 2241, "Boy.": 2242, "Tiong": 2243, "like.": 2244, "Faint.": 2245, "June": 2246, "10.": 2247, "Park.": 2248, "sailing": 2249, "gang": 2250, "Somewhere": 2251, "she'll": 2252, "messages?": 2253, "Laugh-": 2254, "aren't": 2255, "thinks": 2256, "Wah.": 2257, "pouring": 2258, "bet": 2259, "cancelled,": 2260, "juice": 2261, "cut?": 2262, "Found": 2263, "clothes": 2264, "head.": 2265, "mangosteen": 2266, "joss": 2267, "Elaine,": 2268, "minutes": 2269, "Week?": 2270, "keeping": 2271, "year,": 2272, "short.": 2273, "exhilarating.": 2274, "calculus?": 2275, "beneficial.": 2276, "textbook": 2277, "Maintenance": 2278, "technician.": 2279, "Fion?": 2280, "Hulk": 2281, "12pm.": 2282, "ample": 2283, "desk": 2284, "CC": 2285, "CGI": 2286, "supported": 2287, "for.": 2288, "surely": 2289, "credit": 2290, "Dobby": 2291, "Gaught": 2292, "Glass": 2293, "House": 2294, "Fish": 2295, "Co.,": 2296, "dearies.": 2297, "93466348": 2298, "awards": 2299, "An": 2300, "LT24.": 2301, "foam?": 2302, "bottles.": 2303, "check?": 2304, "user": 2305, "ID": 2306, "goodnight": 2307, "anyways.": 2308, "show,": 2309, "rock!": 2310, "dumpling.": 2311, "221": 2312, "Boon": 2313, "Lay": 2314, "Place.": 2315, "Staff": 2316, "Corporation": 2317, "recorded": 2318, "SRS": 2319, "payment.": 2320, "invited": 2321, "dinner!": 2322, "Wisma.": 2323, "reach,": 2324, "FON:": 2325, "bathe": 2326, "fur.": 2327, "gloating?": 2328, "Lou!": 2329, "shame": 2330, "came!": 2331, "mate.": 2332, "RV.": 2333, "holiday?": 2334, "hello": 2335, "ages.": 2336, "roads!": 2337, "bread": 2338, "toaster.": 2339, "London": 2340, "smashed": 2341, "dent!": 2342, "warming": 2343, "24th": 2344, "October": 2345, "6pm?": 2346, "Address": 2347, "Central": 2348, "Blk": 2349, "#12-517.": 2350, "collected?": 2351, "collected": 2352, "sets.": 2353, "perhaps.": 2354, "loud": 2355, "personally": 2356, "wouldn't": 2357, "bother.": 2358, "to,": 2359, "step-by-step": 2360, "3:30": 2361, "board.": 2362, "Topshop": 2363, "self": 2364, "ridge": 2365, "wide": 2366, "discount...": 2367, "Hah": 2368, "response": 2369, "collect.": 2370, "Shanghai.": 2371, "Quickly": 2372, "centre.": 2373, "haircut": 2374, "Guy?": 2375, "launching": 2376, "styles": 2377, "models.": 2378, "Every": 2379, "yours.": 2380, "bare.": 2381, "Cheers!": 2382, "honey,": 2383, "counting.": 2384, "Petey": 2385, "Kingshead.": 2386, "Lorong": 2387, "Can.": 2388, "webpage": 2389, "language": 2390, "support?": 2391, "television,": 2392, "0164330931,": 2393, "date": 2394, "starts,": 2395, "cleared": 2396, "mess": 2397, "Excel?": 2398, "instruct": 2399, "Basketball": 2400, "difference.": 2401, "expected!": 2402, "partner.": 2403, "where.": 2404, "Town?": 2405, "slot.": 2406, "ears": 2407, "Chalet": 2408, "sunburn,": 2409, "Talk": 2410, "surface.": 2411, "Ziping?": 2412, "supper": 2413, "while?": 2414, "cultures": 2415, "points.": 2416, "Coke?": 2417, "29.": 2418, "Excel": 2419, "date.": 2420, "starting?": 2421, "result": 2422, "Scary": 2423, "trim": 2424, "bit,": 2425, "laugh,": 2426, "Roy": 2427, "Joey?": 2428, "buys": 2429, "Heehee.": 2430, "Hah,": 2431, "Contraction": 2432, "own.": 2433, "somebody.": 2434, "ended": 2435, "lunch.": 2436, "stricter": 2437, "keen.": 2438, "although": 2439, "dreams,": 2440, "Using": 2441, "frequent.": 2442, "headache": 2443, "Fine": 2444, "slot": 2445, "ImperialMusic": 2446, "listening": 2447, "weirdest": 2448, "track": 2449, "\u201cLeafcutter": 2450, "John\u201d.": 2451, "insects": 2452, "molested": 2453, "plumbing,": 2454, "remixed": 2455, "evil": 2456, "acid!": 2457, "evening,": 2458, "Soon": 2459, "invites": 2460, "7th": 2461, "#02-34": 2462, "7.30pm,": 2463, "Yun.": 2464, "print": 2465, "ATM": 2466, "machine": 2467, "re": 2468, "confirm,": 2469, "bishan": 2470, "mrt,": 2471, "avoid": 2472, "Open": 2473, "Science?": 2474, "modules.": 2475, "Food": 2476, "bid.": 2477, "free?": 2478, "Sydney": 2479, "fun?": 2480, "clever": 2481, "Jesslyn": 2482, "uncle's": 2483, "91073084.": 2484, "Kay,": 2485, "space.": 2486, "Esther?": 2487, "Know": 2488, "what,": 2489, "ugly.": 2490, "vain.": 2491, "alone,": 2492, "group": 2493, "pissed.": 2494, "Japanese": 2495, "suggest": 2496, "Sizzler.": 2497, "why?": 2498, "said?": 2499, "concentrate.": 2500, "flirting.": 2501, "Concentrate": 2502, "Chinatown.": 2503, "Pretty": 2504, "week's": 2505, "notes?": 2506, "collecting": 2507, "drawer.": 2508, "jam.": 2509, "vet?": 2510, "Engineering.": 2511, "Then,": 2512, "review": 2513, "buying.": 2514, "all,": 2515, "freshmen": 2516, "last?": 2517, "Kid's": 2518, "muji": 2519, "Dinner": 2520, "on?": 2521, "$45": 2522, "possible,": 2523, "17:00": 2524, "17:30": 2525, "HI": 2526, "RIC,": 2527, "AGNES.": 2528, "CD.": 2529, "CD": 2530, "Set.": 2531, "Rollin,": 2532, "DREDZ,": 2533, "MOSES.": 2534, "Eh": 2535, "received": 2536, "brown": 2537, "envelope": 2538, "end?": 2539, "girl?": 2540, "Fiona": 2541, "Xie": 2542, "nevermind": 2543, "Yiyun.": 2544, "wine,": 2545, "jams": 2546, "abalone?": 2547, "orchard?": 2548, "stay?": 2549, "wash.": 2550, "Reaching?": 2551, "Starts": 2552, "dropping": 2553, "place!": 2554, "adress?": 2555, "hot": 2556, "dear?": 2557, "father.": 2558, "quarrelling": 2559, "Ding": 2560, "break,": 2561, "asshole!": 2562, "Blacko": 2563, "London.": 2564, "MC.": 2565, "game": 2566, "activity.": 2567, "doing.": 2568, "gift.": 2569, "problem,": 2570, "MOM": 2571, "document.": 2572, "Sign,": 2573, "Got?": 2574, "Row": 2575, "idea.": 2576, "016-3785738.": 2577, "Frankly": 2578, "direct": 2579, "others": 2580, "start.": 2581, "Jo.": 2582, "Yunny,": 2583, "appointment": 2584, "haircut?": 2585, "QET": 2586, "forms": 2587, "GIRO": 2588, "forms.": 2589, "tester.": 2590, "tester!": 2591, "goodnight.": 2592, "Niny,": 2593, "true!": 2594, "important?": 2595, "Faster": 2596, "Quick": 2597, "bun.": 2598, "8:45pm,": 2599, "Coca": 2600, "Dinner,": 2601, "slim.": 2602, "Spinelli": 2603, "20%": 2604, "Oreo": 2605, "fat,": 2606, "became": 2607, "chopping": 2608, "configure": 2609, "laptop.": 2610, "piece": 2611, "Hello!": 2612, "pretty.": 2613, "Gorgeous,": 2614, "texted": 2615, "did,": 2616, "Jaz.": 2617, "tina.": 2618, "sharp.": 2619, "happen,": 2620, "Really!": 2621, "bug": 2622, "Irritate": 2623, "Sucks": 2624, "discovered": 2625, "MR.": 2626, "Ng's": 2627, "homepage": 2628, "30.": 2629, "born": 2630, "zoo": 2631, "celebrating": 2632, "birth.": 2633, "always,": 2634, "attract": 2635, "people!": 2636, "pub.": 2637, "Lala": 2638, "pest's": 2639, "not?!": 2640, "Listened": 2641, "Plaid": 2642, "album,": 2643, "hilarious.": 2644, "\"Braindance\",": 2645, "compilation": 2646, "Aphex's": 2647, "label,": 2648, "Someone": 2649, "admirer.": 2650, "changes.": 2651, "B7l_jammer": 2652, "L.": 2653, "Hotmail.": 2654, "MSN.": 2655, "ourselves.": 2656, "glass": 2657, "front": 2658, "I'd": 2659, "Indian?": 2660, "Mr.": 2661, "Joe.": 2662, "repair.": 2663, "roughly": 2664, "picture,": 2665, "bathed!": 2666, "stinky": 2667, "asleep.": 2668, "got,": 2669, "search": 2670, "within": 2671, "pages.": 2672, "fail": 2673, "inside?": 2674, "remove": 2675, "picture!": 2676, "ugly?": 2677, "teasing": 2678, "pass.": 2679, "handsome": 2680, "sale?": 2681, "send?": 2682, "credit.": 2683, "Erm.": 2684, "Either": 2685, "4?": 2686, "fix": 2687, "HKY,": 2688, "$30": 2689, "(at": 2690, "Peace": 2691, "Centre": 2692, "ago).": 2693, "cc": 2694, "LCT": 2695, "training": 2696, "tournament.": 2697, "lucky": 2698, "wife": 2699, "enjoy.": 2700, "Told": 2701, "hot,": 2702, "catch.": 2703, "Rin,": 2704, "330": 2705, "lessons,": 2706, "sometime": 2707, "cash.": 2708, "lead": 2709, "heart.": 2710, "deserve.": 2711, "Sleep": 2712, "Classified": 2713, "ya,": 2714, "wednesday": 2715, "People,": 2716, "Study.": 2717, "Vet!": 2718, "offer?!": 2719, "Engineering": 2720, "Mathematics": 2721, "Physics.": 2722, "Revise": 2723, "English,": 2724, "subject.": 2725, "rested.": 2726, "meal.": 2727, "Kate?": 2728, "longer": 2729, "Wisma": 2730, "Nevermind.": 2731, "1pm.": 2732, "mum,": 2733, "Yeah": 2734, "picnic": 2735, "mahjong": 2736, "Kahi,": 2737, "comes": 2738, "Crown": 2739, "roller": 2740, "blades": 2741, "Terence": 2742, "Aik": 2743, "Kiat.": 2744, "Randy": 2745, "awkward.": 2746, "Understand": 2747, "Overprotective": 2748, "fringe": 2749, "Sakae": 2750, "discuss?": 2751, "games.": 2752, "tutorial,": 2753, "board": 2754, "1:53,": 2755, "Ken,": 2756, "soc": 2757, "face": 2758, "thick.": 2759, "Zheng": 2760, "Shufen": 2761, "Game": 2762, "ger16,": 2763, "fox.": 2764, "Sum1": 2765, "spore!": 2766, "Angel:": 2767, "Gstring,": 2768, "chinese": 2769, "6:30pm.": 2770, "Tanjong": 2771, "Pagar": 2772, "waiting.": 2773, "aim": 2774, "sun,": 2775, "stars.": 2776, "Hall": 2777, "eleven.": 2778, "lectures.": 2779, "complex": 2780, "Wk-self.": 2781, "timing": 2782, "SMU,": 2783, "difficult": 2784, "shitty": 2785, "renovated": 2786, "facilities": 2787, "center": 2788, "Called": 2789, "Kwang": 2790, "Chow.": 2791, "5th": 2792, "August.": 2793, "vacancy": 2794, "ecp": 2795, "definitely": 2796, "confide": 2797, "Come.": 2798, "Jac's": 2799, "replacement?": 2800, "Cityhall": 2801, "area": 2802, "Sorry!": 2803, "turning": 2804, "Fast": 2805, "glasses.": 2806, "Seldom": 2807, "knit": 2808, "sweater": 2809, "materials?": 2810, "plans.": 2811, "Aljunied": 2812, "Pink,": 2813, "Cheng": 2814, "Ting.": 2815, "Mummy": 2816, "8:30.": 2817, "photography": 2818, "business.": 2819, "played": 2820, "this.": 2821, "GP": 2822, "tired,": 2823, "taxing": 2824, "job.": 2825, "Needed": 2826, "Goodness.": 2827, "Already": 2828, "surpass": 2829, "total!": 2830, "4.47": 2831, "hour,": 2832, "lie-in!": 2833, "touch.": 2834, "jogging": 2835, "Funny,": 2836, "use?": 2837, "certain": 2838, "extent.": 2839, "sort": 2840, "standard.": 2841, "likes.": 2842, "bookworm-like": 2843, "fantasy.": 2844, "more?": 2845, "Calrie.": 2846, "93517902.": 2847, "Mt": 2848, "Jos?": 2849, "stinge.": 2850, "knock": 2851, "5pm,": 2852, "530pm.": 2853, "Mem": 2854, "card.": 2855, "unrestricted": 2856, "electives,": 2857, "high.": 2858, "award?": 2859, "anything?": 2860, "Computing": 2861, "insights": 2862, "gained": 2863, "question?": 2864, "tutorial's": 2865, "1-2.": 2866, "Yours?": 2867, "Few": 2868, "hundreds.": 2869, "locksmiths": 2870, "hours.": 2871, "treat,": 2872, "million": 2873, "Things": 2874, "March": 2875, "revision.": 2876, "Fran": 2877, "Exeter.": 2878, "Bit": 2879, "worried!": 2880, "photostat": 2881, "peril": 2882, "financial": 2883, "crisis!": 2884, "Mohd": 2885, "sultan's": 2886, "o.": 2887, "Og": 2888, "along,": 2889, "Newsweek": 2890, "Rest": 2891, "Welcome": 2892, "hi!Card": 2893, "SingTel": 2894, "Mobile.": 2895, "Divert": 2896, "1344": 2897, "Voicemail.": 2898, "SMS,": 2899, "+6596400001.": 2900, "1800-4822800": 2901, "information.": 2902, "Male.": 2903, "beautiful!": 2904, "shit!": 2905, "happy!": 2906, "off?": 2907, "honest.": 2908, "important.": 2909, "016": 2910, "5419814.": 2911, "Eusoff's": 2912, "production": 2913, "October,": 2914, "embassy": 2915, "includes": 2916, "drink,": 2917, "1,": 2918, "1am.": 2919, "Tequila": 2920, "guys,": 2921, "guy?": 2922, "service?": 2923, "Jolene": 2924, "says:": 2925, "there'll": 2926, "bbq": 2927, "17/5": 2928, "asap,": 2929, "spread": 2930, "news": 2931, "cute,": 2932, "quality": 2933, "towels?": 2934, "Indonesian.": 2935, "happening!": 2936, "children's": 2937, "6pm": 2938, "Exactly.": 2939, "pillow.": 2940, "earn.": 2941, "contrary": 2942, "views.": 2943, "Ya": 2944, "poem.": 2945, "meant": 2946, "interesting,": 2947, "hostel?": 2948, "Malayu": 2949, "girls!": 2950, "painful.": 2951, "Wednesday!": 2952, "Hugs.": 2953, "LSM": 2954, "Might": 2955, "7pm": 2956, "Sing": 2957, "Cafe": 2958, "Cartel.": 2959, "prepare.": 2960, "Devin,": 2961, "Ric.": 2962, "bonds.": 2963, "outside?": 2964, "favourite": 2965, "crabs": 2966, "positive": 2967, "Children's": 2968, "Day!": 2969, "shy": 2970, "admit": 2971, "kid,": 2972, "childish": 2973, "side": 2974, "yourself,": 2975, "re-live": 2976, "kiddy": 2977, "days!": 2978, "bathing.": 2979, "Jay": 2980, "Chou.": 2981, "Said": 2982, "Wawa.": 2983, "Confirm": 2984, "dancing": 2985, "dance,": 2986, "Exercise": 2987, "Fat.": 2988, "8:40": 2989, "Babe!": 2990, "job?": 2991, "seemed": 2992, "0166305681,": 2993, "Village,": 2994, "Yogasana": 2995, "fierce?": 2996, "seeing?": 2997, "academic": 2998, "benefits": 2999, "Eng": 3000, "Regina.": 3001, "wk": 3002, "hectic.": 3003, "earrings.": 3004, "Village?": 3005, "barbecue": 3006, "seven": 3007, "thirty": 3008, "fountain.": 3009, "Indonesian": 3010, "Sanur": 3011, "Suntec?": 3012, "am!": 3013, "colourful": 3014, "map": 3015, "Jez": 3016, "forever!": 3017, "Gower": 3018, "mate": 3019, "am?": 3020, "Wales.": 3021, "for?": 3022, "Random!": 3023, "Huiqi": 3024, "Leaving": 3025, "Bringing": 3026, "heavy": 3027, "metal": 3028, "preference.": 3029, "guys?": 3030, "100%": 3031, "win.": 3032, "Sometime": 3033, "loss": 3034, "Rebecca": 3035, "seats?": 3036, "Singaporean?": 3037, "Perak,": 3038, "Malaysia.": 3039, "tape.": 3040, "hotel": 3041, "Joey,": 3042, "96537803?": 3043, "Wow": 3044, "rot": 3045, "Raining,": 3046, "Nokia": 3047, "7250": 3048, "trade": 3049, "$719.": 3050, "obvious.": 3051, "sun": 3052, "kind.": 3053, "smile,": 3054, "twice,": 3055, "tight!": 3056, "Wednesday,": 3057, "venue": 3058, "testimonial": 3059, "writing,": 3060, "about,": 3061, "Yui.": 3062, "Maxwell?": 3063, "Me,": 3064, "tanks,": 3065, "hehe,": 3066, "sports.": 3067, "soccer,": 3068, "basketball,": 3069, "tennis.": 3070, "stick": 3071, "booklet.": 3072, "12:30?": 3073, "buses": 3074, "amk?": 3075, "Ken!": 3076, "thing!": 3077, "tubes.": 3078, "nydc,": 3079, "baked": 3080, "rice": 3081, "macaroni": 3082, "biscuits?": 3083, "Junior": 3084, "College": 3085, "outing?": 3086, "January": 3087, "Leave": 3088, "It'd": 3089, "otherwise.": 3090, "Harry": 3091, "Potter": 3092, "33": 3093, "popular.": 3094, "today!": 3095, "Loving": 3096, "bugis.": 3097, "11am": 3098, "cancellation": 3099, "forfeited.": 3100, "pilates": 3101, "yoga?": 3102, "law": 3103, "Ben's": 3104, "answer?": 3105, "perfectly": 3106, "answer!": 3107, "address": 3108, "Felt": 3109, "Aust": 3110, "yesterday?": 3111, "photo?": 3112, "10AM": 3113, "Bugis?": 3114, "overseas.": 3115, "lot.": 3116, "joking?": 3117, "Right.": 3118, "irritating?": 3119, "occupy": 3120, "scary.": 3121, "Sardine": 3122, "lotion": 3123, "domain?": 3124, "connect.": 3125, "farewell": 3126, "meal": 3127, "topic": 3128, "covering": 3129, "pages": 3130, "form?": 3131, "Shuhui.": 3132, "kreen,": 3133, "busy?": 3134, "father": 3135, "Calling": 3136, "police": 3137, "use.": 3138, "crazy?": 3139, "2:45pm.": 3140, "idea": 3141, "basic-book?": 3142, "project.": 3143, "Reminder:": 3144, "Air": 3145, "Force": 3146, "really.": 3147, "become": 3148, "horrible": 3149, "mb?": 3150, "Kio,": 3151, "Say": 3152, "passed": 3153, "by.": 3154, "internet": 3155, "details.": 3156, "knack": 3157, "sms-ing": 3158, "step": 3159, "knocking": 3160, "Funny": 3161, "Goodnight": 3162, "Josh": 3163, "fast,": 3164, "Fine.": 3165, "posted": 3166, "SAFTI": 3167, "medic.": 3168, "Join": 3169, "Fitness": 3170, "Roadshow!": 3171, "six": 3172, "free!": 3173, "Goodie": 3174, "bags!": 3175, "Luckyspin!": 3176, "Junction": 3177, "26-27": 3178, "2003.": 3179, "63366822": 3180, "(sent": 3181, "amore)": 3182, "Moboy!": 3183, "During": 3184, "checkup?": 3185, "Wednesday": 3186, "Barbeque": 3187, "Christmas": 3188, "instead,": 3189, "cooking": 3190, "grocery": 3191, "16": 3192, "What're": 3193, "MMS": 3194, "Sunperks": 3195, "1627": 3196, "promotion": 3197, "party": 3198, "boyfriend.": 3199, "fill": 3200, "prepared.": 3201, "glasses": 3202, "properly": 3203, "feels": 3204, "comfortable,": 3205, "People": 3206, "health.": 3207, "13": 3208, "14.": 3209, "Dan,": 3210, "suit.": 3211, "Weather": 3212, "committees": 3213, "promoting": 3214, "comm": 3215, "member?": 3216, "Try.": 3217, "Suying": 3218, "stuffs": 3219, "interview?": 3220, "lunch!": 3221, "photograph,": 3222, "course!": 3223, "Derel": 3224, "hard!": 3225, "Medicine": 3226, "block": 3227, "level": 3228, "Oh?": 3229, "office,": 3230, "Fuji.": 3231, "consolidating": 3232, "responses.": 3233, "responds.": 3234, "Congratulations.": 3235, "93864500": 3236, "hub.": 3237, "briefing": 3238, "responding": 3239, "quickly.": 3240, "XF": 3241, "Ron,": 3242, "XY,": 3243, "SH,": 3244, "Leona,": 3245, "objection?": 3246, "State": 3247, "backout.": 3248, "bed!": 3249, "kisses.": 3250, "Both.": 3251, "Com": 3252, "replied.": 3253, "disappointed.": 3254, "Help!": 3255, "drenched.": 3256, "sensitive": 3257, "SARS,": 3258, "area?": 3259, "Jo": 3260, "yourselves": 3261, "lungs": 3262, "broke.": 3263, "MPSH.": 3264, "flowers": 3265, "singapore,": 3266, "punish": 3267, "unsure,": 3268, "birthday,": 3269, "engineering": 3270, "course?": 3271, "ask?": 3272, "with?": 3273, "Waitress?": 3274, "air": 3275, "conditioning": 3276, "cushioned": 3277, "chair.": 3278, "customer's": 3279, "mood.": 3280, "best.": 3281, "sold": 3282, "Huh": 3283, "wallet": 3284, "control": 3285, "diet": 3286, "drag": 3287, "Xyan.": 3288, "Xyan": 3289, "Sending": 3290, "tpy?": 3291, "interest.": 3292, "piss": 3293, "Clementi?": 3294, "instant?": 3295, "Wondering": 3296, "10:30": 3297, "class.": 3298, "James": 3299, "farting": 3300, "blind?": 3301, "blue,": 3302, "pink.": 3303, "Nesh,": 3304, "cares": 3305, "WRKS": 3306, "42": 3307, "Since": 3308, "sharing?": 3309, "corinna": 3310, "10:15": 3311, "Sommerset": 3312, "smoking": 3313, "skill.": 3314, "200.": 3315, "discussed": 3316, "parent.": 3317, "costs": 3318, "80": 3319, "9:30PM.": 3320, "Behind.": 3321, "otherwise": 3322, "post,": 3323, "easier.": 3324, "unit": 3325, "little,": 3326, "saturday?": 3327, "Centrepoint": 3328, "300": 3329, "pieces.": 3330, "heart-broken.": 3331, "Scattered": 3332, "everywhere,": 3333, "remember?": 3334, "heart-broken": 3335, "lesser": 3336, "phones": 3337, "FOW": 3338, "said.": 3339, "circulatd": 3340, "gives": 3341, "mango": 3342, "10%": 3343, "model?": 3344, "Tired?": 3345, "lazy?": 3346, "mind?": 3347, "silly": 3348, "arguing": 3349, "Sun's": 3350, "of.": 3351, "hate": 3352, "Pink": 3353, "saved": 3354, "side.": 3355, "IC,": 3356, "tray": 3357, "update": 3358, "accidents": 3359, "Furthermore,": 3360, "tells": 3361, "Stella": 3362, "family?": 3363, "somebody": 3364, "4:15.": 3365, "turf": 3366, "club.": 3367, "$800": 3368, "Augest,": 3369, "8:45": 3370, "LT32,": 3371, "formal": 3372, "arrangement": 3373, "Sarawak?": 3374, "Jordon,": 3375, "ex": 3376, "netball": 3377, "captain.": 3378, "opening": 3379, "ceremony,": 3380, "business,": 3381, "restaurant.": 3382, "Petey!": 3383, "spoken": 3384, "alright.": 3385, "JS,": 3386, "12.": 3387, "Cannot.": 3388, "hostel": 3389, "Play": 3390, "Black": 3391, "Jack.": 3392, "golf?": 3393, "lenient.": 3394, "Orhz.": 3395, "ethnic": 3396, "top": 3397, "borrow?": 3398, "Sunday,": 3399, "Lixia.": 3400, "lots.": 3401, "Go.": 3402, "timer.": 3403, "Creps": 3404, "Cream": 3405, "Hereen.": 3406, "daytime?": 3407, "memorable": 3408, "funny": 3409, "cars.": 3410, "TRG": 3411, "informed": 3412, "wishes": 3413, "Work": 3414, "levels": 3415, "up!": 3416, "always.": 3417, "assistant": 3418, "merchandiser": 3419, "polo": 3420, "ralph.": 3421, "ICQ?": 3422, "August": 3423, "innocent": 3424, "pure,": 3425, "lonely.": 3426, "won't.": 3427, "lenient": 3428, "postings": 3429, "check!": 3430, "bored?": 3431, "office?": 3432, "Jon,": 3433, "Pete": 3434, "Spain": 3435, "recently": 3436, "Dinero": 3437, "12,000pes,": 3438, "\u00a348,": 3439, "tb,": 3440, "James.": 3441, "boxers": 3442, "Dad,": 3443, "candles": 3444, "macadamias": 3445, "Mum.": 3446, "chocolates,": 3447, "almonds.": 3448, "Accessories": 3449, "Cooked": 3450, "Food,": 3451, "330.": 3452, "Sch": 3453, "uniform.": 3454, "bridge.": 3455, "Wombat": 3456, "Neo": 3457, "walked": 3458, "Doesn't": 3459, "serious?": 3460, "Jiayin.": 3461, "Wawa's": 3462, "Mimi,": 3463, "Haven't,": 3464, "installing": 3465, "wireless": 3466, "driver": 3467, "walking.": 3468, "instructor.": 3469, "rude": 3470, "JC": 3471, "Kilo": 3472, "officers": 3473, "finding": 3474, "CDD": 3475, "MC": 3476, "reported": 3477, "immediately": 3478, "Action": 3479, "taken": 3480, "against": 3481, "non-compliance.": 3482, "nagging": 3483, "project,right?": 3484, "evaluation,": 3485, "11?": 3486, "NUS.": 3487, "similar": 3488, "utilise": 3489, "data": 3490, "backing": 3491, "documents": 3492, "folder": 3493, "File": 3494, "142MB.": 3495, "invoice,": 3496, "ladies": 3497, "gentleman": 3498, "China.": 3499, "26th": 3500, "asked.": 3501, "middle-aged": 3502, "mahjong?": 3503, "roaming!": 3504, "trial": 3505, "M1's": 3506, "Alert": 3507, "Check": 3508, "www.miworld.com.sg.": 3509, "$225,": 3510, "$375,": 3511, "$600.": 3512, "yours?": 3513, "name?": 3514, "again,": 3515, "Depend": 3516, "odd,": 3517, "theatre?": 3518, "Time's": 3519, "tuition?": 3520, "Primary": 3521, "live": 3522, "Serangoon.": 3523, "Please,": 3524, "please,": 3525, "cherry": 3526, "top.": 3527, "favour": 3528, "hi.": 3529, "Peach!": 3530, "tastes": 3531, "lush!": 3532, "2!": 3533, "website?": 3534, "tailor": 3535, "noodles.": 3536, "honor": 3537, "to.": 3538, "head": 3539, "overseas": 3540, "trip?": 3541, "PJ.": 3542, "Celine": 3543, "+6590957823.": 3544, "havoc": 3545, "hi,": 3546, "Introduce.": 3547, "interest": 3548, "walk?": 3549, "See?": 3550, "busy,": 3551, "erase": 3552, "SMS!": 3553, "Took": 3554, "also?": 3555, "stripes": 3556, "skirt.": 3557, "true": 3558, "directly?": 3559, "days?": 3560, "choose,": 3561, "Gil:": 3562, "responsible.": 3563, "Tonight": 3564, "Corinna": 3565, "higher": 3566, "study?": 3567, "pad": 3568, "wombat.": 3569, "Yi?": 3570, "heavily.": 3571, "dear,": 3572, "man.": 3573, "drain.": 3574, "cycling": 3575, "campus.": 3576, "Crumpler": 3577, "bag?": 3578, "importantly,": 3579, "regrets.": 3580, "Honors": 3581, "Lab": 3582, "helped": 3583, "11th": 3584, "strawberry": 3585, "farm,": 3586, "lavender": 3587, "farm": 3588, "winery.": 3589, "Simon,": 3590, "idols": 3591, "-": 3592, "dream!": 3593, "administrator": 3594, "quitting": 3595, "Fun.": 3596, "valentine's": 3597, "Future": 3598, "hoped": 3599, "Stay": 3600, "happy.": 3601, "heavily": 3602, "ones?": 3603, "Bought": 3604, "BBQ": 3605, "cooked": 3606, "potatoes,": 3607, "vegetables.": 3608, "Times": 3609, "Roman": 3610, "font": 3611, "spacing?": 3612, "jeff!": 3613, "any?": 3614, "0166305681": 3615, "Bodynits": 3616, "bra": 3617, "fit": 3618, "meant.": 3619, "Yep": 3620, "Jontin.": 3621, "Strange": 3622, "94": 3623, "result.": 3624, "Wish": 3625, "colors.": 3626, "Jog": 3627, "people's": 3628, "heavy.": 3629, "sandals.": 3630, "hunks": 3631, "around?": 3632, "arty": 3633, "collages": 3634, "moment,": 3635, "way!": 3636, "min,": 3637, "that!": 3638, "Sunny!": 3639, "conversation?": 3640, "Chinese?": 3641, "anymore?": 3642, "report,": 3643, "ignoring": 3644, "convince": 3645, "mention": 3646, "reaction": 3647, "carrying": 3648, "broom": 3649, "Michelle": 3650, "Juli": 3651, "abandon": 3652, "yin.": 3653, "Morning.": 3654, "middle,": 3655, "row,": 3656, "everyday": 3657, "places": 3658, "else?": 3659, "Been": 3660, "programming": 3661, "hetic": 3662, "check,": 3663, "Nanyang": 3664, "Polytechnic": 3665, "Physiotherapy.": 3666, "chemistry,": 3667, "arrived.": 3668, "lately?": 3669, "hope!": 3670, "ass": 3671, "21st": 3672, "batch": 3673, "passed.": 3674, "Dear.": 3675, "do!": 3676, "smoke": 3677, "presentation,": 3678, "Yogi": 3679, "came.": 3680, "K.reen!": 3681, "K.reen": 3682, "23f": 3683, "nemo!": 3684, "claim": 3685, "vat.": 3686, "Angel": 3687, "96473920.": 3688, "anybody": 3689, "7:15.": 3690, "dumb?": 3691, "IVLE,": 3692, "under": 3693, "\"exam": 3694, "papers\".": 3695, "cats": 3696, "dogs": 3697, "run?": 3698, "ran": 3699, "10k": 3700, "burnt": 3701, "flying?": 3702, "Mango,": 3703, "game.": 3704, "Christ": 3705, "water?": 3706, "Weiyun": 3707, "230": 3708, "relaxed": 3709, "realize": 3710, "brother!": 3711, "babe": 3712, "gorgeous!": 3713, "ah.": 3714, "rag": 3715, "River": 3716, "Valley.": 3717, "opera": 3718, "Until": 3719, "Nesh": 3720, "91074867.": 3721, "Business": 3722, "Administration.": 3723, "probabilty": 3724, "CLIPS?": 3725, "rules": 3726, "complex.": 3727, "Ok\uff0csee": 3728, "E-mail": 3729, "Seow": 3730, "e-mail": 3731, "zip": 3732, "pants!": 3733, "exhibition": 3734, "Expo?": 3735, "petty.": 3736, "assessment.": 3737, "chatting": 3738, "11PM?": 3739, "Parkway": 3740, "NUS,": 3741, "eaten,": 3742, "say,": 3743, "loner.": 3744, "pitched": 3745, "pop": 3746, "library,": 3747, "Lea\uff0cyes,": 3748, "u?": 3749, "James:": 3750, "everybody.": 3751, "answers.": 3752, "parkway": 3753, "contacting": 3754, "lien.": 3755, "finance": 3756, "dividend": 3757, "shareholder's": 3758, "equity?": 3759, "friend!": 3760, "Spore": 3761, "None!": 3762, "Nowhere": 3763, "discount!": 3764, "Shit.": 3765, "Hee": 3766, "teaching": 3767, "lie.": 3768, "married": 3769, "Korean": 3770, "recommend": 3771, "Leona.": 3772, "knows,": 3773, "scold": 3774, "encouraging": 3775, "darling!": 3776, "Talked": 3777, "Dom": 3778, "Fon.": 3779, "usual,": 3780, "shopping,": 3781, "tours.": 3782, "Lancome:": 3783, "lcm": 3784, "foaming": 3785, "cleansing": 3786, "gel,": 3787, "combination": 3788, "dry": 3789, "skin.": 3790, "Bad": 3791, "entering": 3792, "ERP.": 3793, "weekday.": 3794, "started,": 3795, "Ira's": 3796, "peeling": 3797, "burns": 3798, "overnight.": 3799, "Asleep": 3800, "kb": 3801, "hour.": 3802, "Suddenly": 3803, "Mimi40": 3804, "rent,": 3805, "available": 3806, "2PM": 3807, "Drive.": 3808, "eaten?": 3809, "Huixin's": 3810, "Taking": 3811, "nap?": 3812, "tutorial?": 3813, "dirty.": 3814, "retrieve": 3815, "Am": 3816, "Jade,": 3817, "Barmed?": 3818, "taxing?": 3819, "rag.": 3820, "decide,": 3821, "seniors": 3822, "survey": 3823, "Valentine's": 3824, "blessed": 3825, "happiness": 3826, "laughter.": 3827, "notes.": 3828, "grandma's": 3829, "grandma": 3830, "We're": 3831, "centrept.": 3832, "Scared": 3833, "58.": 3834, "Library": 3835, "print?": 3836, "jeans.": 3837, "sale": 3838, "network": 3839, "causing": 3840, "replies?": 3841, "slice?": 3842, "finish?": 3843, "shops.": 3844, "Kote": 3845, "Maxy!": 3846, "eating?": 3847, "Loyong": 3848, "Villa": 3849, "charged": 3850, "$4000": 3851, "each,": 3852, "32k.": 3853, "Four": 3854, "Myanmar": 3855, "workers": 3856, "contract,": 3857, "$600": 3858, "unit.": 3859, "committee": 3860, "much?": 3861, "happened": 3862, "Shan": 3863, "Ni": 3864, "mother?": 3865, "sad?": 3866, "learning": 3867, "weekends?": 3868, "Sine?": 3869, "box?": 3870, "brand.": 3871, "MNG": 3872, "holidays,": 3873, "apartment.": 3874, "50%": 3875, "housewife": 3876, "Tiffany": 3877, "Gek1005": 3878, "Durian": 3879, "pastry": 3880, "3!": 3881, "For": 3882, "God's": 3883, "sake!": 3884, "Leona:": 3885, "organise": 3886, "Thursday,": 3887, "i.e": 3888, "Vesak": 3889, "Beach": 3890, "activities.": 3891, "Who's": 3892, "saw?": 3893, "Good!": 3894, "goodness": 3895, "drops": 3896, "angel": 3897, "hammer.": 3898, "Each": 3899, "hits": 3900, "concern.": 3901, "he'll": 3902, "beat": 3903, "Tuesday?": 3904, "Yiyun": 3905, "separated?": 3906, "results": 3907, "god-sister": 3908, "baking": 3909, "prepare": 3910, "jar": 3911, "Raffles": 3912, "city": 3913, "Maxwell": 3914, "road?": 3915, "ready.": 3916, "assigned.": 3917, "wet,": 3918, "anyone's": 3919, "login": 3920, "AMK?": 3921, "YCK?": 3922, "hamster": 3923, "24th?": 3924, "tanks.": 3925, "Erm,": 3926, "32?": 3927, "swimming": 3928, "Morning": 3929, "Fion's": 3930, "breakfast": 3931, "suggestions?": 3932, "Ranger.": 3933, "Elfie,": 3934, "97615390.": 3935, "Mel,": 3936, "owes": 3937, "$5,": 3938, "remind": 3939, "Brunswick": 3940, "St,": 3941, "Alannan": 3942, "Hill.": 3943, "Mum": 3944, "Colgate.": 3945, "Panjang": 3946, "Ger.": 3947, "confident": 3948, "Hopefully": 3949, "last.": 3950, "treated": 3951, "Menghong": 3952, "squash": 3953, "ours": 3954, "Causeway": 3955, "Point.": 3956, "monday": 3957, "Hamster": 3958, "clear.": 3959, "giving": 3960, "tuition,": 3961, "8th": 3962, "Jy's": 3963, "play.": 3964, "Singapura.": 3965, "learn,": 3966, "shocked": 3967, "bleach.": 3968, "email.": 3969, "considered": 3970, "branded": 3971, "among": 3972, "thumb": 3973, "drive,": 3974, "64MB,": 3975, "28": 3976, "lecturer": 3977, "list": 3978, "topics": 3979, "play?": 3980, "dance?": 3981, "phone!": 3982, "Meeting": 3983, "sir!": 3984, "reachd": 3985, "Sian": 3986, "taking?": 3987, "timetable?": 3988, "doctor?": 3989, "disease.": 3990, "When?": 3991, "base": 3992, "color?": 3993, "pants": 3994, "U2?": 3995, "Jazz": 3996, "teacher": 3997, "dancer": 3998, "TCS.": 3999, "Yan": 4000, "Zi": 4001, "jordan,": 4002, "Lanz": 4003, "it'll": 4004, "SBS": 4005, "member": 4006, "we're": 4007, "death.": 4008, "reached?": 4009, "got?": 4010, "Fujitsu?": 4011, "Deckie": 4012, "waitress": 4013, "telemarketer,": 4014, "timer": 4015, "better,": 4016, "ODAC": 4017, "earned": 4018, "pleasure.": 4019, "Kiss!": 4020, "train": 4021, "ideas": 4022, "bag.": 4023, "Gelek!": 4024, "Remember,": 4025, "gain": 4026, "3.5kg!": 4027, "Club": 4028, "Orchard,": 4029, "Put": 4030, "pen!": 4031, "Again.": 4032, "Stupid": 4033, "Ming": 4034, "Lun": 4035, "practice": 4036, "soccer.": 4037, "2:40,": 4038, "Yah.": 4039, "Ha": 4040, "ha.": 4041, "kitten.": 4042, "Millian.": 4043, "once.": 4044, "times,": 4045, "tiring.": 4046, "OG.": 4047, "extend": 4048, "earn": 4049, "money?": 4050, "Freshman": 4051, "Week.": 4052, "join,": 4053, "around,": 4054, "checked,": 4055, "be,": 4056, "future.": 4057, "Cheer": 4058, "hotel.": 4059, "Smallville.": 4060, "dozing": 4061, "through.": 4062, "Million": 4063, "Malaysian.": 4064, "mum!": 4065, "transport": 4066, "Sms": 4067, "0168596707.": 4068, "calender": 4069, "realized": 4070, "interviews": 4071, "whatever.": 4072, "commenting": 4073, "popularity.": 4074, "both.": 4075, "replies": 4076, "Having": 4077, "sometime.": 4078, "prosperous": 4079, "health": 4080, "wealth": 4081, "advertisement.": 4082, "Mohammad": 4083, "sultan": 4084, "ceremony": 4085, "University": 4086, "Cultural": 4087, "Center.": 4088, "2:40": 4089, "lessons?": 4090, "give?": 4091, "facial": 4092, "Lien": 4093, "mood": 4094, "Emporium.": 4095, "silent?": 4096, "pig.": 4097, "Somerset": 4098, "Cine.": 4099, "About": 4100, "2:45?": 4101, "phone?": 4102, "everything?": 4103, "fated": 4104, "attached": 4105, "Mrt": 4106, "upstairs.": 4107, "Alone?": 4108, "sister.": 4109, "VCD!": 4110, "favour?": 4111, "Dad": 4112, "belt.": 4113, "canvas": 4114, "cloth.": 4115, "golf.": 4116, "melting": 4117, "132": 4118, "135.": 4119, "remembered.": 4120, "Lazing": 4121, "connect": 4122, "database.": 4123, "rush.": 4124, "thanks,": 4125, "nap,": 4126, "sounded": 4127, "grabbed": 4128, "daddy?": 4129, "longer.": 4130, "3pm.": 4131, "museum": 4132, "pray": 4133, "protect": 4134, "blow": 4135, "stress": 4136, "twinkle": 4137, "get,": 4138, "japanese": 4139, "restaurant": 4140, "esplanade?": 4141, "register": 4142, "gown": 4143, "address,": 4144, "measurement.": 4145, "offer,": 4146, "Typo.": 4147, "9?": 4148, "gossiping": 4149, "information,": 4150, "Late": 4151, "May.": 4152, "quarantined": 4153, "holding": 4154, "bookings": 4155, "A's": 4156, "Forgot.": 4157, "Wah": 4158, "overall": 4159, "score": 4160, "mid": 4161, "sympathise!": 4162, "lecture!": 4163, "meaningless": 4164, "crowded?": 4165, "temporary": 4166, "promote": 4167, "IT": 4168, "28th": 4169, "August,": 4170, "paying": 4171, "5.50": 4172, "7.50": 4173, "dollars.": 4174, "interesting?": 4175, "birthday?": 4176, "ranger": 4177, "Working?": 4178, "Age?": 4179, "irregardless": 4180, "are,": 4181, "more,": 4182, "violyn": 4183, "90853276?": 4184, "garden": 4185, "messy.": 4186, "topics?": 4187, "whoever": 4188, "babes?": 4189, "night's": 4190, "5.": 4191, "knackered": 4192, "i'm": 4193, "dreading": 4194, "called.": 4195, "page!": 4196, "moisturise": 4197, "rub": 4198, "circular": 4199, "motion.": 4200, "wash": 4201, "face,": 4202, "tone,": 4203, "jelly": 4204, "cream": 4205, "onto": 4206, "hand,": 4207, "tap": 4208, "uniform": 4209, "\"Turn": 4210, "Turn": 4211, "Right\".": 4212, "Fridenster,": 4213, "hehe.": 4214, "Right,": 4215, "wasn't": 4216, "phoned.": 4217, "your's!": 4218, "UNIX": 4219, "SOC?": 4220, "password": 4221, "UNIC": 4222, "account?": 4223, "something,": 4224, "they've": 4225, "frame.": 4226, "pieces": 4227, "Tuesday,": 4228, "interchange?": 4229, "ECP.": 4230, "Everybody": 4231, "dieting": 4232, "emailed": 4233, "reminds": 4234, "mine,": 4235, "named": 4236, "JOMIS.": 4237, "award": 4238, "more.": 4239, "science?": 4240, "discussion": 4241, "missy?": 4242, "cherish": 4243, "promise.": 4244, "fixed.": 4245, "class,": 4246, "seen.": 4247, "common": 4248, "car?": 4249, "hall?": 4250, "me\uff1f": 4251, "cheap,": 4252, "plane": 4253, "seats,": 4254, "wishing": 4255, "results.": 4256, "Ok!": 4257, "ten": 4258, "lab": 4259, "CS1102,": 4260, "Siam": 4261, "smooth": 4262, "angry.": 4263, "only,": 4264, "keen": 4265, "grabbing": 4266, "ice": 4267, "cream?": 4268, "full": 4269, "Nydc.": 4270, "such": 4271, "AY,": 4272, "ago,": 4273, "worked": 4274, "s56!": 4275, "S.O.S.": 4276, "Reply!": 4277, "hotel?": 4278, "walk,": 4279, "cool": 4280, "weather.": 4281, "enlarge": 4282, "inside,": 4283, "wow": 4284, "creative.": 4285, "Income,": 4286, "Chijmes.": 4287, "simple": 4288, "as?": 4289, "Hair": 4290, "wants?": 4291, "kick": 4292, "boxing": 4293, "fully": 4294, "booked.": 4295, "instructor": 4296, "mahjong,": 4297, "wearing": 4298, "jeans,": 4299, "bermuda.": 4300, "1:15pm.": 4301, "Reached": 4302, "5pm.": 4303, "Could": 4304, "petition": 4305, "William": 4306, "Hung": 4307, "now\uff0care": 4308, "woking": 4309, "camp?": 4310, "terrible.": 4311, "problem": 4312, "interviews.": 4313, "combat": 4314, "action": 4315, "appearing?": 4316, "ballot": 4317, "RIN.": 4318, "male,": 4319, "Today?": 4320, "Can't,": 4321, "girl!": 4322, "decide.": 4323, "You,": 4324, "bastard.": 4325, "play,": 4326, "Bloody": 4327, "present,": 4328, "India?": 4329, "Oh!": 4330, "wooden": 4331, "aluminium": 4332, "instruction.": 4333, "coloured": 4334, "Sez,": 4335, "Arab": 4336, "Fantasia": 4337, "absolutely": 4338, "awesome!": 4339, "judges": 4340, "chosen,": 4341, "balanced": 4342, "life.": 4343, "lost.": 4344, "18th": 4345, "Birthday,": 4346, "legalized": 4347, "twice": 4348, "Bless.": 4349, "lagging": 4350, "tutorial.": 4351, "weeks'tutorials": 4352, "Xin,": 4353, "chip": 4354, "in,": 4355, "weird.": 4356, "Funky.": 4357, "second": 4358, "Mi": 4359, "Fox.": 4360, "goodies!": 4361, "hug.": 4362, "babes": 4363, "iceman.": 4364, "'Yo": 4365, "yo": 4366, "up'.": 4367, "land": 4368, "Tired.": 4369, "Yun\u00f1y!": 4370, "wonderful": 4371, "remain": 4372, "always!": 4373, "Hugs,": 4374, "J\u00ecayin": 4375, "Night,": 4376, "forever.": 4377, "Grounded.": 4378, "clubbing,": 4379, "Zepol!": 4380, "Corrina.": 4381, "whackers33@hotmail.com.": 4382, "darn": 4383, "plus?": 4384, "KB": 4385, "Sun?": 4386, "Marina?": 4387, "log": 4388, "screen": 4389, "Plenty": 4390, "everyday.": 4391, "write": 4392, "profiles": 4393, "There?": 4394, "receptionist?": 4395, "bus,": 4396, "yoghurt.": 4397, "63383526.": 4398, "noon": 4399, "En's": 4400, "suspect": 4401, "Clementi,": 4402, "pouch.": 4403, "cry?": 4404, "diarrhoea": 4405, "Hee,": 4406, "he'd": 4407, "hints.": 4408, "LSM.": 4409, "26?": 4410, "slept?": 4411, "slp,": 4412, "slp": 4413, "XY": 4414, "price?": 4415, "butt": 4416, "aches": 4417, "they'll": 4418, "maintain": 4419, "length": 4420, "Ellen,": 4421, "academy": 4422, "stays": 4423, "invisible": 4424, "NTU?": 4425, "Girl?": 4426, "dropped": 4427, "drinking": 4428, "Spinelli's": 4429, "Heeren.": 4430, "manager,": 4431, "Waiting": 4432, "can't,": 4433, "Ocean": 4434, "Rd.": 4435, "rule": 4436, "broken.": 4437, "weird": 4438, "two?": 4439, "marshmallow": 4440, "newspaper": 4441, "behind.": 4442, "jobs?": 4443, "blindfold": 4444, "totally": 4445, "detest": 4446, "self-conscious": 4447, "person.": 4448, "state.": 4449, "some?": 4450, "Seems": 4451, "hard-to-get": 4452, "type.": 4453, "Cheap": 4454, "expect.": 4455, "Grab": 4456, "opportunities": 4457, "speed": 4458, "Lexus": 4459, "ES300!": 4460, "$30K": 4461, "exciting": 4462, "prizes.": 4463, "Hurry!": 4464, "SMS/Global": 4465, "SMS/MMS": 4466, "30/4.": 4467, "Details": 4468, "miworld.com.sg.": 4469, "programming.": 4470, "Then?": 4471, "Thailand.": 4472, "15.": 4473, "xin": 4474, "nearer?": 4475, "preoccupied.": 4476, "Studying?": 4477, "Gee": 4478, "sleepy": 4479, "Slept": 4480, "capital.": 4481, "Michelle,": 4482, "Liling,": 4483, "Chen": 4484, "Kiat": 4485, "019870491": 4486, "mobile.": 4487, "msn.": 4488, "romny1980@hotmail.c": 4489, "Use": 4490, "imagination.": 4491, "my,": 4492, "broke?": 4493, "Ya.": 4494, "reason.": 4495, "focus": 4496, "mainland.": 4497, "bake": 4498, "rest.": 4499, "Mingfang": 4500, "lab?": 4501, "hurry;": 4502, "3.": 4503, "studying,": 4504, "started?": 4505, "study,": 4506, "happen": 4507, "Zping": 4508, "Amk": 4509, "AMK": 4510, "Aishya!": 4511, "Introduction": 4512, "loan": 4513, "sleep,": 4514, "camera": 4515, "LSM1301": 4516, "photocopy": 4517, "basic": 4518, "chit": 4519, "down.": 4520, "\u00ect?": 4521, "meddlesome.": 4522, "abused.": 4523, "four": 4524, "kidding.": 4525, "four?": 4526, "NOEL:": 4527, "depends.": 4528, "Miss,": 4529, "Eurasian.": 4530, "note": 4531, "yet,": 4532, "Andrew.": 4533, "Mother": 4534, "Yun?": 4535, "tight.": 4536, "Tdy": 4537, "Stars": 4538, "bright,": 4539, "Star": 4540, "may.": 4541, "guarding": 4542, "cooking.": 4543, "reception,": 4544, "each": 4545, "other.": 4546, "jogged": 4547, "rounds,": 4548, "felt": 4549, "exercise,": 4550, "legs": 4551, "funny,": 4552, "him,": 4553, "mrt?": 4554, "confirmed?": 4555, "Esplanade": 4556, "PM": 4557, "SMU": 4558, "admission.": 4559, "Windows": 4560, "XP?": 4561, "stupid!": 4562, "boring,": 4563, "sms.": 4564, "thanks!": 4565, "Toysarus?": 4566, "sells": 4567, "balloons?": 4568, "Penisula?": 4569, "lame.": 4570, "joey.": 4571, "extreme": 4572, "camp-extra": 4573, "curriculum": 4574, "activity-": 4575, "2nd,": 4576, "Joan's": 4577, "guinea": 4578, "pigs?": 4579, "Genting.": 4580, "Jordan,": 4581, "More": 4582, "U": 4583, "weight?": 4584, "Revision": 4585, "following": 4586, "table?": 4587, "ASP": 4588, "JSP.": 4589, "testimonial.": 4590, "deserve": 4591, "corner?": 4592, "SAT": 4593, "stuff?": 4594, "Xin:": 4595, "Time": 4596, "place?": 4597, "99876452.": 4598, "msn?": 4599, "Photo": 4600, "page.": 4601, "website.": 4602, "Jennifer": 4603, "Hudson": 4604, "phenomenon!": 4605, "Without": 4606, "wacky": 4607, "shiny": 4608, "costume": 4609, "specially": 4610, "Simon": 4611, "round,": 4612, "is.": 4613, "through!": 4614, "Fire.": 4615, "dial": 4616, "day,": 4617, "rays": 4618, "leaves": 4619, "worries": 4620, "bay.": 4621, "remembered!": 4622, "\"lover\"": 4623, "Cedes": 4624, "am,": 4625, "anytime.": 4626, "done,": 4627, "shoe.": 4628, "k.reen": 4629, "Newquay.": 4630, "postcard!": 4631, "(you": 4632, "about!)": 4633, "Congratulations,": 4634, "wonder": 4635, "get?": 4636, "'Okay'": 4637, "ICQ.": 4638, "charges": 4639, "charge.": 4640, "Married.": 4641, "urgent": 4642, "huh?": 4643, "May,": 4644, "lunch,": 4645, "Meijun": 4646, "cz.": 4647, "D": 4648, "Sean.": 4649, "Wet": 4650, "select": 4651, "450-470.": 4652, "strength": 4653, "leading": 4654, "horse": 4655, "reduce": 4656, "TP": 4657, "4:45pm.": 4658, "tpy": 4659, "Bristol.": 4660, "Les": 4661, "Rudi": 4662, "eve.": 4663, "snoring.": 4664, "drunk!": 4665, "ink": 4666, "Bath.": 4667, "anywehre.": 4668, "Wood": 4669, "June?": 4670, "Came": 4671, "Pig": 4672, "weeks,": 4673, "rusty.": 4674, "Anytime.": 4675, "Town": 4676, "En.": 4677, "Xuhui,": 4678, "XF.": 4679, "Joking.": 4680, "James,": 4681, "Teach": 4682, "machines.": 4683, "traffic": 4684, "jam": 4685, "newspaper.": 4686, "failed": 4687, "mistakes": 4688, "vampire": 4689, "tape?": 4690, "Leona?": 4691, "Forget": 4692, "Remind": 4693, "starts.": 4694, "pubs.": 4695, "dying": 4696, "boredom": 4697, "home!": 4698, "job!": 4699, "recommendations?": 4700, "Whole": 4701, "tape": 4702, "kids.": 4703, "Weiyi.": 4704, "membership": 4705, "Bruce": 4706, "Almighty?": 4707, "Finding": 4708, "Nemo?": 4709, "Hun!": 4710, "time!": 4711, "sorted.": 4712, "explain": 4713, "Latest.": 4714, "boggy": 4715, "bitch!": 4716, "Deckie?": 4717, "daddy.": 4718, "Jess.": 4719, "J!": 4720, "better?": 4721, "ill": 4722, "tonsillitis": 4723, "Damn.": 4724, "laying": 4725, "Mick,": 4726, "mins.": 4727, "feeling,": 4728, "Pete!": 4729, "maybe?": 4730, "Millian!": 4731, "square": 4732, "Parade": 4733, "believe.": 4734, "Maxwell's": 4735, "storey": 4736, "Chinatown": 4737, "market's": 4738, "stalls": 4739, "closed.": 4740, "Smith": 4741, "St.": 4742, "shops": 4743, "opened.": 4744, "MERINA": 4745, "JORDAN?": 4746, "Malay?": 4747, "waitress.": 4748, "fringe!": 4749, "Sob.": 4750, "cut,": 4751, "papers!": 4752, "there!": 4753, "103": 4754, "sure?": 4755, "ramen": 4756, "DVD": 4757, "player": 4758, "Thur,": 4759, "regret": 4760, "inform": 4761, "NHS": 4762, "mistake.": 4763, "born.": 4764, "hospital": 4765, "terminated.": 4766, "inconvenience.": 4767, "8310.": 4768, "nsf": 4769, "poorest": 4770, "boys": 4771, "interest?": 4772, "blood": 4773, "needles?": 4774, "animals": 4775, "of?": 4776, "2:45.": 4777, "while.": 4778, "6?": 4779, "Relax,": 4780, "easy.": 4781, "finally": 4782, "cold.": 4783, "spare?": 4784, "central.": 4785, "tazz,": 4786, "perfume,": 4787, "keep.": 4788, "factory": 4789, "outlet": 4790, "mambo": 4791, "cheap.": 4792, "97482959.": 4793, "Can,": 4794, "surprise!": 4795, "right\uff1f": 4796, "chocolate": 4797, "trainee": 4798, "Bungalow": 4799, "tons": 4800, "vodka,": 4801, "games,": 4802, "Jacuzzi.": 4803, "Great.": 4804, "groceries.": 4805, "cook": 4806, "Mohmd": 4807, "Sultan,": 4808, "cover": 4809, "bucks.": 4810, "jog.": 4811, "expanding": 4812, "sideway.": 4813, "remedy.": 4814, "Australia,": 4815, ",": 4816, "funny.": 4817, "mistakes.": 4818, "Face": 4819, "thicker.": 4820, "Me.": 4821, "96792371.": 4822, "finance.": 4823, "Matthew": 4824, "rocks!": 4825, "Anywhere.": 4826, "cannot.": 4827, "You've": 4828, "tuition": 4829, "card,": 4830, "Kb.": 4831, "different.": 4832, "engineering,": 4833, "digi?": 4834, "URL": 4835, "page?": 4836, "link": 4837, "homepage.": 4838, "exactly": 4839, "happened?": 4840, "suddenly": 4841, "Queensway,": 4842, "Addidas": 4843, "shoes.": 4844, "strong": 4845, "Login": 4846, "H": 4847, "drive.": 4848, "access.": 4849, "VPN?": 4850, "download": 4851, "curious.": 4852, "define": 4853, "\"too": 4854, "much\".": 4855, "head!": 4856, "wing": 4857, "somemore.": 4858, "Nopez.": 4859, "secret.": 4860, "Ave,": 4861, "Timah": 4862, "area.": 4863, "Clinic": 4864, "ard": 4865, "hide,": 4866, "classmate,": 4867, "Kai": 4868, "Qin": 4869, "Bahru": 4870, "1:30pm.": 4871, "collecting.": 4872, "Evening": 4873, "problem!": 4874, "hammy.": 4875, "guesses": 4876, "part.": 4877, "Enough": 4878, "quarantine.": 4879, "Finish": 4880, "discussing": 4881, "wait?": 4882, "twice.": 4883, "Lobang.": 4884, "bank.": 4885, "classified": 4886, "sales": 4887, "Flu,": 4888, "cold,": 4889, "running": 4890, "sorta": 4891, "stuffs.": 4892, "Chinatown's": 4893, "closed,": 4894, "cleaning.": 4895, "answered": 4896, "ST1232": 4897, "What.": 4898, "yoghurt": 4899, "fast.": 4900, "mad": 4901, "barking,": 4902, "bone.": 4903, "tooth": 4904, "ache.": 4905, "Laguna": 4906, "Camp": 4907, "tents.": 4908, "$24": 4909, "tents": 4910, "pits,": 4911, "send,": 4912, "lose.": 4913, "spot": 4914, "Farrer": 4915, "filmed": 4916, "Indians": 4917, "MO.": 4918, "Shexy?": 4919, "Pete.": 4920, "competition?": 4921, "updated": 4922, "sheet.": 4923, "Baru": 4924, "1:30pm,": 4925, "barbeque.": 4926, "own": 4927, "agency": 4928, "product": 4929, "training.": 4930, "Thai.": 4931, "economics": 4932, "aspect": 4933, "fusion?": 4934, "beneath": 4935, "pale": 4936, "affected": 4937, "Also,": 4938, "Lien,": 4939, "Gen,": 4940, "Glad": 4941, "Twins": 4942, "Effect": 4943, "messaging?": 4944, "7.": 4945, "CCA": 4946, "possible": 4947, "1245.": 4948, "Lou,": 4949, "friends'": 4950, "Lancaster,": 4951, "Disi": 4952, "classes.": 4953, "Thursday.": 4954, "Sen,": 4955, "Jurong": 4956, "West.": 4957, "6:15.": 4958, "colour.": 4959, "colours.": 4960, "NUS!": 4961, "explicit?": 4962, "pleasure": 4963, "pestering": 4964, "jerk": 4965, "Paul,": 4966, "grave": 4967, "dug.": 4968, "luck!": 4969, "-short": 4970, "circuit-": 4971, "purple": 4972, "sucks!": 4973, "manners": 4974, "boring!": 4975, "print,": 4976, "test!": 4977, "xyan": 4978, "reaching.": 4979, "These": 4980, "Terok.": 4981, "Haiz": 4982, "crazy": 4983, "delay.": 4984, "clear": 4985, "naughty": 4986, "boy.": 4987, "Won't": 4988, "DNA": 4989, "Nanxing.": 4990, "da": 4991, "pang": 4992, "yong": 4993, "tau": 4994, "foo": 4995, "Wow!": 4996, "set,": 4997, "dear!": 4998, "accepted": 4999, "nus": 5000, "arts!": 5001, "thank": 5002, "miracle!": 5003, "close?": 5004, "renew": 5005, "private": 5006, "license.": 5007, "tph.": 5008, "coke": 5009, "popular": 5010, "drinks.": 5011, "dancing?": 5012, "far,": 5013, "mingle": 5014, "99853267.": 5015, "wallet.": 5016, "Mac": 5017, "muffin": 5018, "Alright": 5019, "Sam.": 5020, "checking": 5021, "Reen,": 5022, "commons.": 5023, "publicity.": 5024, "TIP,WHAT": 5025, "arR": 5026, "yoU": 5027, "DOING": 5028, "coincidence.": 5029, "onwards?": 5030, "chance": 5031, "adverts": 5032, "tele": 5033, "market": 5034, "advert": 5035, "morning!": 5036, "test.": 5037, "Race": 5038, "-8": 5039, "Realistic,": 5040, "wins": 5041, "Saimee": 5042, "outsider": 5043, "Ever": 5044, "wet": 5045, "1400.": 5046, "Out": 5047, "Jame": 5048, "seed.": 5049, "Interested": 5050, "Zouk": 5051, "Centro.": 5052, "sleeping,": 5053, "Shucks.": 5054, "envelope.": 5055, "replace": 5056, "own?": 5057, "interview.": 5058, "still?": 5059, "City": 5060, "Link": 5061, "mistress": 5062, "days,": 5063, "army,": 5064, "Kua's": 5065, "friend,": 5066, "knew.": 5067, "60": 5068, "hotmail": 5069, "mom": 5070, "Angle,": 5071, "Iceman.": 5072, "woods.": 5073, "Wakey": 5074, "wakey.": 5075, "Poke": 5076, "poke.": 5077, "damning,": 5078, "recruit": 5079, "ACJ,": 5080, "cant't": 5081, "flowery": 5082, "Blood": 5083, "boil.": 5084, "driving!": 5085, "collect?": 5086, "faint.": 5087, "revision": 5088, "period?": 5089, "opens": 5090, "TV,": 5091, "will.": 5092, "Gosh.": 5093, "embarrassed": 5094, "realising.": 5095, "noticed.": 5096, "embarrasing.": 5097, "Fetch": 5098, "7pm.": 5099, "CZ1102?": 5100, "offline.": 5101, "clubroom.": 5102, "baby!": 5103, "Body": 5104, "Shop.": 5105, "Girl.": 5106, "juicer.": 5107, "instead.": 5108, "Shopping?": 5109, "Tom,": 5110, "babe,": 5111, "Annie.": 5112, "first\u3000and": 5113, "Important": 5114, "holidays.": 5115, "room?": 5116, "changes": 5117, "carfinal1.Clp": 5118, "minutes,": 5119, "dye.": 5120, "cute.Next": 5121, "Er?": 5122, "until?": 5123, "pasta": 5124, "Nice?": 5125, "hit": 5126, "nail": 5127, "head?": 5128, "recruits": 5129, "intake.": 5130, "Me?": 5131, "Never.": 5132, "Little": 5133, "Pity.": 5134, "beach,": 5135, "planned": 5136, "configured.": 5137, "expensive!": 5138, "Thermometer": 5139, "spoiled": 5140, "unwell?": 5141, "Location,": 5142, "Lunch.": 5143, "I,": 5144, "heh,": 5145, "Friendster": 5146, "replying": 5147, "Run": 5148, "Crazy?": 5149, "normal.": 5150, "Audrey": 5151, "chauffeur?": 5152, "Hahaha,": 5153, "TIBS": 5154, "SBS?": 5155, "sweet.": 5156, "promoting.": 5157, "Slacking": 5158, "frustrated,": 5159, "lectures": 5160, "lab.": 5161, "gossip": 5162, "with,": 5163, "38.": 5164, "Meijun's": 5165, "share": 5166, "crepes": 5167, "worse": 5168, "Eat": 5169, "mass": 5170, "index.": 5171, "think?": 5172, "create": 5173, "Daddy.": 5174, "shufen.": 5175, "2:40.": 5176, "Double": 5177, "click": 5178, "view": 5179, "modules'": 5180, "Swan": 5181, "SMU?": 5182, "Violyn": 5183, "xroom?": 5184, "Frog?": 5185, "apartment?": 5186, "Red": 5187, "Cross": 5188, "talking?": 5189, "met": 5190, "Jocelyn": 5191, "spoke": 5192, "Sitting": 5193, "eye.": 5194, "building.": 5195, "riverwalk.": 5196, "lady.": 5197, "Thursday?": 5198, "attending": 5199, "96821456?": 5200, "Yes.Didn't": 5201, "Chocolate": 5202, "Box": 5203, "Esplanade.": 5204, "offer.": 5205, "bread,": 5206, "Bakkwa": 5207, "bread.": 5208, "dollar.": 5209, "Yea,": 5210, "superstition.": 5211, "stick.": 5212, "featured": 5213, "Doing": 5214, "Mobile": 5215, "fatter": 5216, "sitting": 5217, "environment": 5218, "jobs.": 5219, "Yifeng": 5220, "correct.": 5221, "current": 5222, "messaged": 5223, "Die,": 5224, "account.": 5225, "two.": 5226, "shy.": 5227, "Muaks!": 5228, "signing": 5229, "highlighting": 5230, "35": 5231, "period.": 5232, "clean.": 5233, "Temporarily": 5234, "eaten": 5235, "brownie.": 5236, "brownie": 5237, "opps...Hi...how": 5238, "match": 5239, "manage": 5240, "hand.": 5241, "clearing": 5242, "were.": 5243, "Kio": 5244, "study.": 5245, "97856124.": 5246, "sailing,": 5247, "invite": 5248, "Nevermind": 5249, "beach": 5250, "sunrise.": 5251, "cookies.": 5252, "tasty.": 5253, "nearest": 5254, "papers?": 5255, "There's": 5256, "queue.": 5257, "SoC,": 5258, "anyone.": 5259, "brother,": 5260, "Cannot,": 5261, "stairs?": 5262, "knees,": 5263, "stopping": 5264, "homework": 5265, "rushing?": 5266, "1PM": 5267, "flight?": 5268, "snatch": 5269, "sticks.": 5270, "Junmei": 5271, "David": 5272, "cup": 5273, "yoghurt,": 5274, "yummy.": 5275, "idea,": 5276, "curious": 5277, "surf": 5278, "shorts.": 5279, "at.": 5280, "job,": 5281, "Jeff.": 5282, "WTC": 5283, "Sentosa?": 5284, "3:20": 5285, "8332": 5286, "2650": 5287, "6006,": 5288, "watch!": 5289, "Samurai": 5290, "n": 5291, "wisma.": 5292, "only?": 5293, "boss": 5294, "back,": 5295, "questions": 5296, "Si": 5297, "Bugis,": 5298, "morning,": 5299, "Good?": 5300, "clubbing": 5301, "Zouk.": 5302, "person?": 5303, "Ivle?": 5304, "Math": 5305, "major": 5306, "surname": 5307, "XY:Tomorrow": 5308, "row": 5309, "reunion?": 5310, "from.": 5311, "harder": 5312, "Hong": 5313, "Kong": 5314, "He.": 5315, "weiyi?": 5316, "jeans": 5317, "book?": 5318, "published": 5319, "marketing.": 5320, "Jenniffer": 5321, "time-pass": 5322, "peep.": 5323, "JOY,": 5324, "seats.": 5325, "Pink.": 5326, "Crazy.": 5327, "bottle": 5328, "promised": 5329, "Cindy": 5330, "Merina.": 5331, "race?": 5332, "printer": 5333, "huge": 5334, "favor?": 5335, "mail?": 5336, "Sim": 5337, ":": 5338, "star.": 5339, "duty.": 5340, "Wa's": 5341, "easier": 5342, "North": 5343, "advance.": 5344, "Theatre": 5345, "27.": 5346, "DEL": 5347, "Again": 5348, "see!": 5349, "Lucy.": 5350, "sardines": 5351, "Malaysia": 5352, "hamsters.": 5353, "Short": 5354, "37": 5355, "Degrees.": 5356, "Eymani": 5357, "we've": 5358, "spent": 5359, "together,": 5360, "meaningful!": 5361, "fish": 5362, "7:30.": 5363, "babe.": 5364, "talk,": 5365, "properly.": 5366, "Always": 5367, "bite": 5368, "scratch": 5369, "Geleck": 5370, "queen.": 5371, "officially": 5372, "tit": 5373, "bits": 5374, "Dear": 5375, "tiring": 5376, "drop": 5377, "out!": 5378, "civilisation!": 5379, "swimming?": 5380, "login.": 5381, "Waste": 5382, "pilates.": 5383, "hug": 5384, "pictures,": 5385, "formed": 5386, "candles.": 5387, "class?": 5388, "canteen?": 5389, "instant": 5390, "shirt.": 5391, "support": 5392, "Cgi.": 5393, "trouble": 5394, "Funny.": 5395, "communication": 5396, "problems.": 5397, "Wu": 5398, "Jian": 5399, "Dao": 5400, "sneaks?": 5401, "Fen.": 5402, "Inside": 5403, "Malay,": 5404, "Central.": 5405, "low": 5406, "interesting.": 5407, "single": 5408, "event": 5409, "Tiredness": 5410, "draws": 5411, "across": 5412, "fade": 5413, "flexibility": 5414, "windows": 5415, "soul": 5416, "begin": 5417, "enter": 5418, "dreamland!": 5419, "Dreams!": 5420, "Monkees": 5421, "around!": 5422, "Howdy": 5423, "gorgeous,": 5424, "sausage?": 5425, "Jen": 5426, "Luckily": 5427, "finish.": 5428, "blur": 5429, "safe": 5430, "trip!": 5431, "us!": 5432, "hold": 5433, "charger.": 5434, "makeup": 5435, "when?": 5436, "attend": 5437, "Better": 5438, "yes!": 5439, "Elaine": 5440, "+65": 5441, "97965247": 5442, "32": 5443, "Singaporean.": 5444, "Okay!": 5445, "more!": 5446, "asked?": 5447, "acceptable?": 5448, "problems,": 5449, "straightaway.": 5450, "evening!": 5451, "fault.": 5452, "Starhub": 5453, "contract": 5454, "minimum": 5455, "Mike": 5456, "ecp?": 5457, "expo?": 5458, "papers'": 5459, "solution?": 5460, "Din": 5461, "joins": 5462, "Kate,": 5463, "on!": 5464}